order_item_id,order_id,product_id,quantity,unit_price,discount_pct
1,1,4,5,42.88,0.9
2,1,7,5,215.33,1.9
3,1,43,5,407.35,7.1
4,1,38,1,385.48,0.3
5,1,48,4,93.88,3.6
6,2,3,1,211.04,14.1
7,2,21,5,363.43,15.1
8,2,29,5,404.88,6.8
9,2,12,2,96.62,14.9
10,3,17,1,219.73,0.4
11,3,26,1,11.59,13.1
12,3,30,4,435.05,19.3
13,3,39,4,154.89,16.3
14,3,40,3,346.88,19.3
15,4,20,1,66.92,0.3
16,4,8,1,349.54,3.8
17,4,2,2,243.15,2.9
18,4,16,4,421.83,17.2
19,5,13,1,153.95,9.3
20,5,31,4,15.8,3.3
21,5,10,4,482.11,9.4
22,5,29,5,125.1,5.9
23,5,26,1,170.26,2.1
24,6,27,4,369.85,11.9
25,6,36,3,23.32,8.0
26,6,33,5,363.68,18.7
27,6,32,2,358.57,10.6
28,7,37,3,278.86,5.4
29,7,42,4,445.12,2.3
30,7,40,3,226.92,8.7
31,7,11,3,364.47,9.4
32,8,15,5,113.75,18.2
33,8,22,5,427.46,14.3
34,8,30,2,442.17,14.5
35,8,25,4,417.37,13.5
36,9,31,2,312.81,5.6
37,9,48,1,335.19,2.6
38,9,13,2,304.85,2.0
39,10,32,3,121.19,11.1
40,10,2,3,441.05,7.1
41,10,11,2,414.83,17.9
42,10,3,1,172.18,2.3
43,11,8,5,115.93,5.2
44,11,22,3,385.84,15.4
45,12,18,2,427.44,17.5
46,12,39,1,354.67,18.5
47,12,29,4,481.51,15.1
48,12,7,5,306.78,17.2
49,12,7,5,25.77,2.1
50,13,14,3,82.73,5.8
51,14,49,5,251.7,17.4
52,14,10,3,170.63,2.8
53,14,13,4,484.97,15.4
54,14,1,2,418.23,9.5
55,15,33,2,47.19,7.4
56,15,49,4,183.52,13.3
57,15,10,5,213.75,4.6
58,16,27,4,449.54,19.0
59,16,34,3,472.15,8.9
60,16,50,1,360.22,10.3
61,16,5,1,172.46,8.0
62,17,28,1,199.67,0.7
63,17,42,2,451.74,1.2
64,18,19,4,203.99,13.6
65,18,36,3,362.17,6.3
66,18,23,1,414.37,18.0
67,18,40,2,351.65,8.9
68,18,14,5,314.06,12.4
69,19,45,3,444.4,15.6
70,19,26,2,441.08,1.7
71,19,35,3,198.05,14.4
72,19,9,5,496.0,5.7
73,20,33,5,159.56,6.8
74,21,2,1,445.71,10.8
75,21,17,2,416.95,6.1
76,22,33,1,367.33,16.8
77,22,17,5,180.46,1.0
78,22,42,1,227.12,11.4
79,22,1,4,172.8,4.7
80,23,37,5,423.03,4.7
81,23,20,3,335.13,16.3
82,23,37,2,358.6,10.4
83,23,16,1,167.28,11.6
84,23,50,3,229.88,2.9
85,24,27,1,50.66,8.5
86,24,9,4,111.32,1.6
87,24,44,5,204.36,11.2
88,24,50,4,436.65,11.7
89,25,29,4,367.2,8.3
90,25,11,2,255.36,9.7
91,25,30,2,484.18,10.3
92,25,34,1,348.76,9.1
93,26,48,2,472.31,7.4
94,27,39,4,59.62,7.4
95,28,3,5,80.89,7.4
96,28,24,3,150.52,0.6
97,28,10,2,392.98,8.4
98,29,19,2,95.62,14.8
99,29,1,1,276.03,1.4
100,29,3,4,243.18,6.2
101,30,22,4,240.24,14.4
102,30,39,2,382.17,10.1
103,30,30,4,335.27,3.0
104,30,47,3,49.21,12.5
105,31,27,4,120.25,7.9
106,31,35,1,479.25,17.8
107,31,48,3,324.73,17.3
108,31,46,1,288.14,15.9
109,31,46,3,282.72,2.5
110,32,6,2,477.81,10.8
111,32,49,1,478.86,10.4
112,32,49,4,253.81,0.4
113,32,43,5,93.97,0.4
114,32,14,2,415.7,16.8
115,33,29,1,404.43,12.1
116,33,26,5,27.27,17.2
117,33,2,3,221.32,8.3
118,33,34,3,194.1,1.8
119,33,7,5,88.24,2.9
120,34,50,1,81.34,19.0
121,34,44,2,34.16,19.2
122,34,12,1,358.08,6.0
123,35,21,2,209.35,6.5
124,36,8,1,105.27,15.0
125,36,38,2,249.02,15.0
126,36,25,1,138.3,6.4
127,36,36,4,37.4,0.6
128,37,2,3,279.27,11.7
129,37,7,2,382.67,13.0
130,38,20,5,206.34,1.7
131,38,41,5,105.71,19.4
132,39,35,2,392.1,10.8
133,39,28,5,228.61,0.0
134,39,30,5,148.18,19.4
135,40,4,4,140.28,5.0
136,41,23,2,294.65,10.2
137,41,3,2,370.9,11.3
138,41,20,1,200.68,2.5
139,41,9,5,499.42,17.6
140,42,40,5,478.92,6.4
141,42,44,3,319.41,19.6
142,43,18,2,332.83,6.4
143,43,14,4,479.7,6.6
144,43,45,2,324.99,0.0
145,43,31,1,451.22,13.5
146,44,36,4,382.42,10.8
147,44,42,1,271.63,17.9
148,44,43,4,337.76,7.1
149,44,25,5,182.19,3.5
150,45,8,4,188.39,3.9
151,46,15,1,380.42,13.6
152,47,13,1,409.06,12.5
153,47,46,2,120.96,9.9
154,47,24,1,143.97,18.1
155,48,14,1,102.06,16.4
156,48,26,1,435.61,11.4
157,48,32,2,278.13,13.2
158,48,37,5,284.74,1.3
159,48,9,1,68.08,18.7
160,49,34,3,99.97,13.6
161,49,45,5,309.16,13.6
162,50,1,4,322.28,18.9
163,50,4,3,219.11,19.9
164,50,18,1,341.69,9.3
165,50,24,5,380.72,17.7
166,51,4,3,459.6,10.6
167,51,21,1,198.97,6.7
168,52,2,2,489.16,8.5
169,52,5,2,102.45,6.6
170,52,5,1,18.8,8.6
171,52,2,5,399.62,18.7
172,52,17,2,58.38,4.8
173,53,4,3,262.24,4.7
174,53,5,5,311.69,15.3
175,53,41,4,291.57,1.7
176,54,3,4,160.07,17.0
177,55,9,1,459.96,8.8
178,56,40,4,37.57,13.6
179,56,36,1,150.98,7.6
180,56,7,5,377.22,4.7
181,57,43,5,10.25,7.7
182,57,28,5,311.52,6.8
183,57,44,1,229.77,6.6
184,57,13,1,55.83,11.9
185,57,5,5,395.76,3.9
186,58,9,5,131.86,8.4
187,58,47,5,225.09,4.9
188,58,3,1,68.2,11.7
189,58,33,3,159.04,17.7
190,58,50,2,77.97,6.2
191,59,19,3,485.28,10.4
192,59,43,2,33.37,10.1
193,59,36,1,213.92,3.9
194,60,41,2,393.71,6.8
195,60,43,4,348.92,19.6
196,61,45,3,426.74,11.3
197,61,22,5,153.32,6.6
198,61,7,4,438.67,18.2
199,61,32,2,460.38,12.8
200,61,45,2,235.94,4.3
201,62,48,3,404.6,7.5
202,62,26,2,413.91,0.1
203,62,1,1,182.15,11.1
204,62,10,3,223.0,12.6
205,63,3,1,103.57,5.7
206,63,15,3,360.82,6.8
207,63,36,2,93.38,0.4
208,64,7,1,416.57,2.7
209,64,42,1,172.5,4.2
210,64,30,2,187.97,7.4
211,65,34,5,441.42,17.6
212,65,5,1,76.49,18.5
213,66,13,5,192.21,7.5
214,66,39,4,488.61,4.9
215,67,49,5,295.73,17.1
216,68,10,3,127.35,12.6
217,68,18,2,426.49,19.4
218,68,32,2,365.01,15.7
219,69,5,2,256.76,15.0
220,69,42,5,190.26,10.4
221,69,12,3,357.68,10.5
222,69,31,4,239.51,11.6
223,69,41,5,326.62,4.1
224,70,29,2,200.97,6.1
225,70,25,5,82.82,16.8
226,71,36,1,71.49,1.7
227,71,29,5,179.03,11.7
228,71,30,5,312.46,8.5
229,72,28,4,186.92,10.0
230,72,18,4,17.24,8.8
231,72,17,1,182.75,1.6
232,72,33,5,275.59,1.6
233,73,15,1,63.7,7.2
234,73,35,2,170.21,13.5
235,73,17,3,373.88,15.4
236,74,13,5,499.01,20.0
237,74,49,5,456.63,0.2
238,74,20,3,412.04,15.7
239,75,26,5,380.11,0.2
240,75,42,5,494.69,19.0
241,75,26,2,117.33,15.0
242,75,31,2,260.33,15.7
243,76,47,4,173.63,1.7
244,76,13,4,386.21,14.0
245,76,14,4,227.74,11.2
246,76,24,2,290.87,2.6
247,77,32,3,173.21,8.4
248,78,49,5,153.32,11.7
249,78,37,1,461.46,3.1
250,78,22,5,316.77,12.1
251,78,39,5,434.14,19.6
252,79,26,1,269.57,3.8
253,79,7,3,286.91,9.0
254,80,6,2,56.64,11.1
255,80,3,5,246.86,3.7
256,80,5,4,145.49,4.7
257,81,5,4,33.44,10.4
258,81,11,3,430.56,8.2
259,81,11,1,68.92,8.4
260,81,48,1,197.55,18.1
261,81,14,2,435.87,6.2
262,82,11,5,289.67,6.2
263,82,13,5,359.8,9.2
264,82,13,1,495.59,8.9
265,82,26,5,404.75,10.5
266,83,32,4,234.03,0.8
267,83,6,3,324.92,18.4
268,83,23,3,198.59,16.5
269,83,12,4,128.32,18.0
270,83,47,4,231.62,18.2
271,84,45,5,52.29,14.0
272,84,3,2,443.34,3.2
273,85,19,1,350.53,14.4
274,85,14,4,208.58,15.2
275,85,8,3,42.88,2.1
276,85,50,3,208.0,3.3
277,85,14,5,27.09,0.5
278,86,25,3,374.25,17.1
279,86,26,1,10.31,2.3
280,86,9,3,336.8,9.3
281,86,30,1,45.86,13.1
282,87,9,4,411.11,16.8
283,87,11,1,305.46,3.5
284,87,8,5,372.02,3.4
285,87,43,1,340.3,3.1
286,88,12,2,358.63,17.9
287,88,35,2,223.82,1.0
288,88,41,5,322.3,14.3
289,89,25,3,224.77,12.0
290,90,50,4,384.72,18.6
291,91,16,2,50.24,8.4
292,91,1,3,411.16,13.6
293,91,5,2,479.58,1.9
294,92,47,2,26.79,10.3
295,92,21,3,283.22,3.8
296,93,35,4,469.77,2.4
297,93,14,1,181.51,3.5
298,94,42,3,10.93,4.3
299,94,15,1,330.69,5.6
300,94,40,3,26.75,17.7
301,94,27,3,384.93,10.0
302,95,46,5,396.67,18.4
303,96,11,3,479.72,12.0
304,96,41,4,340.56,19.4
305,96,45,2,169.36,12.7
306,96,45,3,489.12,13.3
307,96,5,3,13.74,18.2
308,97,25,5,322.09,4.6
309,97,38,1,120.14,12.3
310,97,8,3,122.02,8.6
311,97,16,5,44.3,2.8
312,98,19,2,80.08,4.1
313,98,3,2,462.09,12.0
314,98,29,3,71.46,6.4
315,98,49,1,262.83,19.6
316,99,49,1,118.36,14.7
317,99,22,2,106.88,1.1
318,99,43,2,401.72,13.9
319,100,39,4,263.13,3.7
320,100,41,1,36.99,9.8
321,101,4,2,469.45,2.5
322,101,12,5,276.68,15.9
323,102,16,5,43.69,14.5
324,102,20,2,362.23,4.9
325,103,39,2,155.03,11.5
326,103,41,2,139.57,15.6
327,104,24,4,191.97,9.4
328,105,33,5,368.79,15.2
329,105,31,1,382.16,8.5
330,105,6,3,299.62,3.1
331,105,47,2,132.36,9.3
332,106,19,4,283.26,9.6
333,106,22,2,358.86,3.9
334,106,13,1,11.35,10.0
335,106,47,3,248.27,18.5
336,107,48,3,195.1,6.2
337,107,38,1,207.35,0.8
338,107,8,4,466.4,3.2
339,107,49,4,478.76,15.4
340,108,33,4,319.31,7.4
341,108,4,4,463.63,14.7
342,108,16,4,22.08,16.3
343,109,45,2,134.36,9.1
344,110,17,2,303.06,19.0
345,110,11,1,62.78,1.8
346,111,26,5,487.2,1.6
347,111,13,4,87.08,8.5
348,111,45,3,252.82,10.7
349,111,25,5,157.45,8.2
350,112,7,5,389.46,6.9
351,113,18,2,465.36,8.0
352,113,20,1,493.58,16.3
353,114,7,1,388.0,8.4
354,115,42,3,367.86,3.4
355,115,24,2,353.5,4.0
356,115,12,5,474.5,9.0
357,115,14,2,104.47,15.0
358,116,17,4,223.16,18.3
359,116,7,2,44.51,1.7
360,117,18,1,174.37,11.7
361,118,32,1,9.71,5.3
362,118,1,5,395.66,0.8
363,118,14,5,396.93,7.5
364,118,34,3,466.4,9.5
365,119,39,4,171.59,13.6
366,119,22,3,409.34,18.8
367,119,43,4,192.33,1.1
368,120,22,1,6.53,17.4
369,120,26,2,17.71,2.5
370,120,34,3,475.78,15.0
371,121,24,4,311.08,13.2
372,121,31,5,209.5,3.8
373,122,2,3,437.35,19.4
374,122,48,3,340.58,4.7
375,122,32,4,370.91,15.9
376,123,28,4,493.5,17.1
377,123,7,4,150.46,3.9
378,123,10,5,438.74,15.7
379,124,3,2,251.47,1.7
380,124,44,5,493.67,9.3
381,124,29,1,243.67,10.8
382,124,16,2,89.36,18.9
383,124,45,1,57.21,19.9
384,125,11,3,451.81,15.3
385,126,47,3,334.64,19.0
386,126,43,1,334.41,18.5
387,127,6,3,436.61,18.6
388,127,50,5,37.01,6.9
389,127,46,4,328.69,15.7
390,127,28,2,115.66,2.3
391,128,8,1,173.42,11.8
392,129,48,1,288.56,2.5
393,129,21,4,290.57,0.0
394,130,38,5,98.98,7.8
395,131,21,3,399.77,18.7
396,131,9,5,333.55,11.8
397,131,7,4,9.55,17.0
398,131,21,2,408.99,5.9
399,132,32,4,77.98,5.7
400,132,48,1,301.45,6.2
401,133,18,5,241.75,16.6
402,134,19,4,34.11,16.2
403,134,10,2,424.79,18.7
404,134,15,1,461.96,15.5
405,134,32,4,153.06,16.3
406,135,2,5,199.18,8.4
407,135,31,3,380.07,7.8
408,136,47,3,144.77,18.5
409,136,45,5,199.92,2.6
410,136,49,5,433.6,1.1
411,136,46,3,231.48,3.3
412,136,9,4,349.5,5.8
413,137,14,2,403.16,3.9
414,137,42,1,184.3,17.1
415,138,44,2,191.4,19.7
416,139,4,1,181.01,9.5
417,139,4,1,490.24,13.0
418,140,28,2,315.35,8.1
419,140,3,1,124.22,9.8
420,140,45,5,477.5,13.1
421,140,25,1,389.98,17.3
422,140,42,4,141.23,13.1
423,141,1,1,62.73,2.4
424,141,42,5,116.34,11.7
425,141,37,4,140.49,14.9
426,142,12,4,244.67,12.9
427,142,28,3,287.85,2.0
428,142,5,5,96.52,16.3
429,142,2,4,280.25,10.7
430,142,34,4,36.65,16.7
431,143,46,1,377.99,4.1
432,143,43,1,94.43,12.0
433,143,12,1,279.59,16.0
434,143,8,1,68.76,4.1
435,143,11,1,283.44,17.0
436,144,6,1,255.54,7.3
437,145,11,4,488.67,13.2
438,145,16,3,27.85,18.9
439,145,19,5,225.24,11.5
440,145,45,3,263.72,19.7
441,145,23,5,271.41,4.2
442,146,43,1,122.36,3.8
443,147,14,2,303.06,4.3
444,147,23,3,68.6,12.4
445,147,5,5,131.21,7.6
446,148,26,4,46.21,5.1
447,148,28,2,270.27,1.4
448,149,41,2,358.65,11.3
449,149,42,5,304.45,8.4
450,149,10,3,496.26,8.7
451,150,39,2,43.37,2.5
452,151,44,5,206.36,6.6
453,152,24,3,390.15,2.9
454,153,18,1,53.48,19.6
455,153,15,4,476.13,15.7
456,154,12,5,365.52,6.1
457,155,7,5,177.71,11.4
458,155,19,5,139.17,2.0
459,155,4,2,162.41,15.0
460,155,12,3,404.01,13.6
461,156,36,5,441.6,8.1
462,156,38,2,133.24,13.7
463,156,46,2,330.49,2.9
464,156,37,3,31.17,14.5
465,156,24,2,340.72,8.4
466,157,12,4,493.19,16.0
467,157,33,3,141.53,8.6
468,157,46,2,156.07,17.2
469,157,20,4,386.44,16.9
470,158,5,2,472.71,3.3
471,159,6,3,279.31,9.9
472,160,28,5,466.56,2.7
473,161,33,5,350.45,8.1
474,161,40,2,455.89,14.9
475,161,46,4,352.78,15.0
476,161,16,5,343.62,0.8
477,162,11,5,452.38,3.5
478,162,24,2,259.27,19.0
479,162,28,4,192.65,7.5
480,162,8,3,457.45,5.0
481,163,50,1,148.58,9.7
482,163,17,2,6.11,12.6
483,163,26,2,461.91,18.6
484,163,42,5,413.74,0.7
485,163,30,5,424.93,1.1
486,164,40,4,167.63,7.1
487,165,23,2,204.02,0.2
488,166,32,2,46.95,10.3
489,166,10,4,66.3,9.7
490,166,10,3,116.92,7.9
491,166,20,3,217.03,3.6
492,167,7,4,329.86,8.8
493,167,9,3,374.81,0.1
494,167,46,2,59.78,5.7
495,168,26,4,373.24,18.0
496,168,11,2,474.45,19.2
497,169,8,4,247.09,9.9
498,169,44,2,165.82,15.3
499,169,26,5,364.37,14.8
500,170,9,1,479.05,15.9
501,170,9,2,175.34,0.3
502,170,44,2,30.76,16.6
503,170,28,5,370.03,8.7
504,171,19,4,45.89,8.6
505,171,40,2,365.98,3.7
506,171,18,1,432.76,19.9
507,172,43,4,103.21,14.1
508,172,7,5,307.49,3.8
509,173,41,2,118.55,2.6
510,173,3,3,495.25,18.6
511,173,28,1,310.15,1.8
512,173,4,4,206.61,6.1
513,173,41,2,114.78,8.5
514,174,33,4,323.72,6.1
515,175,24,3,471.78,14.2
516,175,16,3,448.08,3.6
517,175,1,1,331.91,6.4
518,176,31,3,454.7,2.0
519,176,12,3,474.42,7.3
520,176,20,1,52.96,0.3
521,177,50,2,168.95,14.8
522,177,24,5,266.79,7.4
523,177,42,3,108.97,7.7
524,177,7,2,316.63,12.0
525,177,3,5,484.32,17.7
526,178,13,4,463.12,1.5
527,178,35,5,174.73,14.5
528,179,35,2,26.69,3.8
529,179,36,3,446.34,15.2
530,180,23,3,227.0,14.3
531,180,28,1,244.0,10.5
532,180,33,1,87.63,5.5
533,180,9,3,27.5,11.3
534,180,45,2,371.65,7.9
535,181,33,1,86.93,15.0
536,181,25,5,390.79,8.0
537,181,18,2,96.11,3.2
538,181,14,5,349.88,17.6
539,181,33,4,254.39,14.4
540,182,20,2,151.7,5.4
541,182,8,2,115.85,10.7
542,182,19,1,321.61,18.8
543,183,9,3,437.32,1.0
544,183,16,2,269.62,0.0
545,183,23,5,486.25,6.5
546,184,17,2,207.13,12.2
547,184,21,1,314.85,0.2
548,184,23,2,366.59,5.6
549,184,17,1,271.01,19.6
550,184,50,5,57.69,14.9
551,185,42,3,435.66,12.7
552,185,36,2,409.34,4.4
553,185,18,2,292.92,16.2
554,185,49,4,82.04,4.6
555,186,24,2,451.57,1.9
556,186,12,4,96.59,17.2
557,186,13,5,247.81,14.6
558,186,42,3,15.42,3.3
559,187,26,5,97.98,2.9
560,187,28,2,230.24,12.9
561,188,7,5,72.96,15.0
562,188,1,5,54.37,7.7
563,188,8,1,382.91,12.9
564,188,3,2,127.93,1.7
565,189,41,5,11.68,19.3
566,189,7,5,369.39,6.8
567,190,13,2,242.81,11.3
568,191,11,3,169.22,3.1
569,191,4,5,347.56,12.5
570,191,8,1,413.34,2.1
571,191,19,1,258.21,16.7
572,192,1,2,16.88,8.5
573,192,10,3,329.41,4.5
574,193,44,1,248.45,19.8
575,193,15,1,478.45,5.6
576,193,5,5,170.19,7.2
577,193,6,1,304.23,3.6
578,194,22,5,94.78,8.5
579,194,43,3,314.26,5.7
580,194,7,3,458.54,13.2
581,194,17,1,395.48,17.2
582,194,10,2,163.53,7.8
583,195,5,1,291.03,19.2
584,195,18,2,49.77,19.9
585,195,12,4,179.54,9.9
586,195,31,4,302.86,12.7
587,196,42,2,194.68,11.0
588,196,35,5,248.84,10.7
589,197,25,1,292.58,8.4
590,197,37,2,353.03,4.7
591,198,14,1,184.39,9.5
592,199,8,1,456.12,7.2
593,199,50,2,150.88,2.9
594,200,27,2,109.31,4.5
595,200,48,2,63.03,13.9
596,200,10,4,367.88,13.9
597,200,28,3,31.77,2.1
598,200,38,1,241.03,11.9
599,201,2,2,185.8,1.6
600,201,5,1,286.75,16.3
601,202,49,2,237.53,2.8
602,202,34,3,237.74,14.5
603,203,42,1,146.95,3.1
604,203,42,1,304.07,3.5
605,203,11,1,201.21,8.5
606,203,30,5,357.15,5.2
607,204,33,3,356.13,8.5
608,204,11,3,486.7,10.4
609,204,9,2,203.2,1.1
610,204,26,2,412.14,19.5
611,204,39,1,409.2,9.4
612,205,42,4,414.49,3.3
613,205,24,4,101.39,2.2
614,205,5,3,303.58,16.9
615,206,16,3,85.57,2.1
616,207,39,1,379.48,6.2
617,207,36,2,321.0,0.6
618,208,6,5,284.57,11.3
619,208,31,1,28.78,1.9
620,208,20,1,490.37,15.0
621,209,33,2,160.66,7.8
622,209,23,2,352.82,1.9
623,209,27,5,55.0,16.1
624,209,10,1,295.65,7.6
625,210,3,3,84.81,13.6
626,210,6,1,476.65,4.6
627,210,14,2,385.57,3.2
628,210,33,5,496.18,12.2
629,210,34,3,226.5,2.6
630,211,24,5,428.7,8.6
631,211,46,4,123.36,19.9
632,211,39,1,479.22,11.3
633,212,7,1,75.6,17.4
634,212,36,1,251.96,9.1
635,212,11,3,84.93,5.6
636,212,24,3,49.17,3.6
637,213,17,4,489.35,15.3
638,213,29,2,470.22,19.4
639,213,32,1,184.92,5.7
640,213,27,5,458.98,2.6
641,214,33,5,476.26,7.5
642,214,44,4,255.44,5.3
643,214,44,1,312.2,12.9
644,215,45,5,8.93,17.1
645,215,19,4,83.31,8.0
646,216,15,4,437.71,13.4
647,217,30,4,323.03,18.0
648,217,30,1,47.48,14.6
649,217,26,4,103.74,6.6
650,218,22,5,245.72,14.0
651,218,31,1,142.8,0.8
652,218,10,4,77.03,4.3
653,219,3,5,388.23,1.2
654,219,24,4,489.39,4.3
655,219,14,1,476.56,13.7
656,219,18,3,319.67,1.7
657,219,5,3,205.51,6.0
658,220,27,5,110.98,17.9
659,220,12,1,50.76,18.0
660,220,22,3,86.44,7.0
661,220,27,4,240.37,13.8
662,221,45,4,180.57,13.9
663,221,25,1,282.65,17.9
664,222,5,5,310.17,6.5
665,222,47,3,12.02,17.9
666,223,32,3,61.24,19.4
667,223,27,3,262.74,0.1
668,224,9,4,321.26,11.6
669,224,3,2,374.13,3.8
670,224,45,5,388.32,12.0
671,224,14,3,108.83,3.8
672,225,1,3,407.82,0.3
673,225,20,5,410.43,2.5
674,225,32,4,209.96,7.0
675,225,35,4,263.97,15.3
676,225,8,2,232.12,7.5
677,226,39,2,273.67,7.6
678,226,43,4,318.88,14.0
679,226,7,1,403.94,2.1
680,226,42,1,310.05,8.2
681,226,32,5,463.98,2.0
682,227,33,5,403.91,13.4
683,227,27,2,115.33,9.1
684,227,25,1,101.8,9.4
685,227,8,3,483.97,18.3
686,228,42,4,8.76,7.5
687,228,15,5,145.38,17.6
688,228,17,3,420.05,15.9
689,228,27,2,7.06,18.2
690,229,1,1,80.92,7.5
691,230,48,5,162.15,3.4
692,230,37,4,124.71,19.5
693,230,13,5,324.0,16.6
694,230,37,4,68.79,12.7
695,230,47,2,204.54,6.4
696,231,28,2,54.29,16.0
697,231,33,1,317.56,15.7
698,232,36,2,474.61,4.1
699,232,6,1,221.52,12.6
700,232,38,2,18.77,14.2
701,233,37,4,17.52,14.7
702,234,41,3,97.34,13.1
703,234,15,3,100.95,16.8
704,234,47,4,386.34,13.2
705,234,18,1,467.81,12.5
706,235,7,1,232.27,11.9
707,235,7,2,144.82,17.9
708,235,6,1,249.65,7.2
709,235,14,4,54.83,15.9
710,235,27,1,245.83,12.5
711,236,44,4,190.75,6.3
712,236,29,2,94.0,0.2
713,237,43,5,317.45,17.1
714,237,8,3,496.9,9.7
715,238,39,5,7.48,10.4
716,238,17,1,100.46,0.6
717,238,2,5,258.31,3.0
718,238,24,1,449.79,0.6
719,238,9,2,46.3,13.8
720,239,18,3,243.38,19.1
721,239,23,5,327.7,9.3
722,240,28,5,473.44,18.4
723,240,17,2,102.95,16.9
724,240,46,3,481.13,2.1
725,240,50,5,159.23,15.9
726,241,28,4,214.75,14.9
727,241,21,5,58.24,7.7
728,241,13,5,179.69,18.0
729,241,5,4,87.79,0.7
730,242,17,5,207.86,12.1
731,242,42,5,179.37,0.6
732,242,12,3,217.55,3.7
733,242,16,1,111.52,7.4
734,242,10,3,65.54,6.4
735,243,46,3,110.82,11.3
736,244,15,5,37.79,5.7
737,244,14,5,112.64,11.2
738,244,46,5,473.4,16.1
739,245,37,4,342.66,8.7
740,246,13,2,29.58,9.9
741,246,3,3,213.51,2.5
742,246,11,5,166.8,7.7
743,247,2,3,13.83,15.7
744,247,37,1,456.26,5.7
745,247,26,1,448.44,18.4
746,247,3,3,324.16,1.4
747,247,7,4,363.01,5.5
748,248,26,1,280.44,6.3
749,248,40,1,199.7,13.9
750,248,30,4,425.09,19.3
751,249,24,5,55.86,4.5
752,250,9,1,496.8,17.2
753,251,15,2,48.57,14.5
754,251,24,5,494.83,18.7
755,251,4,3,442.24,0.9
756,251,4,3,42.15,6.6
757,252,25,3,350.84,18.5
758,252,38,4,64.35,6.4
759,252,10,5,444.46,19.3
760,252,27,4,335.78,10.4
761,252,16,5,241.57,9.8
762,253,21,4,116.79,5.3
763,253,19,1,179.74,16.7
764,253,16,2,349.01,1.5
765,254,4,2,11.5,4.3
766,254,25,2,246.38,6.8
767,254,38,5,259.39,6.3
768,254,20,4,329.37,17.0
769,255,9,2,458.77,7.7
770,256,40,5,105.5,8.0
771,256,5,3,214.43,13.7
772,256,37,1,77.91,17.5
773,256,48,1,124.08,17.9
774,257,18,1,240.74,10.6
775,257,23,3,63.57,11.0
776,258,28,2,79.56,10.0
777,258,33,3,31.31,5.5
778,258,7,1,326.07,14.6
779,259,13,3,98.78,3.5
780,259,18,5,305.69,10.4
781,259,7,1,324.94,19.2
782,259,15,1,31.3,0.7
783,260,16,1,268.41,5.5
784,260,40,4,198.99,2.0
785,260,47,3,250.11,3.4
786,261,23,3,354.4,5.8
787,261,1,1,96.61,18.2
788,262,31,3,427.02,13.8
789,262,11,3,342.31,3.3
790,262,22,4,75.21,0.3
791,262,31,4,170.36,3.6
792,262,17,1,89.51,15.2
793,263,39,3,484.92,11.7
794,264,16,4,59.15,16.4
795,264,37,3,418.5,10.5
796,264,11,2,388.75,2.0
797,264,48,3,229.05,14.7
798,265,17,4,130.5,9.2
799,265,23,3,356.53,17.8
800,265,50,5,244.76,5.4
801,265,34,1,78.21,8.2
802,265,15,2,181.81,0.6
803,266,48,4,182.91,14.9
804,266,13,4,321.17,19.3
805,266,41,5,450.11,9.0
806,266,34,2,136.33,13.6
807,266,22,4,296.63,18.9
808,267,20,2,25.34,10.4
809,267,22,5,65.87,15.9
810,267,37,3,147.76,19.4
811,268,44,2,235.83,3.0
812,268,19,5,281.28,3.3
813,268,32,3,36.99,5.9
814,268,30,1,112.58,16.5
815,269,4,4,156.38,8.6
816,270,4,3,73.17,17.6
817,271,43,5,81.74,1.7
818,271,18,2,497.98,3.9
819,271,38,1,148.95,0.6
820,271,23,2,406.8,12.7
821,271,28,4,483.62,2.0
822,272,20,5,158.81,11.3
823,272,44,3,403.17,2.8
824,272,50,2,128.76,8.3
825,273,20,3,47.37,11.3
826,273,41,4,275.19,7.5
827,274,7,2,265.65,13.9
828,274,33,3,236.85,8.6
829,274,27,4,233.34,18.3
830,274,2,4,48.77,2.8
831,275,16,5,258.54,2.5
832,275,35,5,439.51,1.1
833,275,26,2,204.46,0.1
834,276,30,1,46.91,5.4
835,276,42,1,170.07,1.9
836,276,19,5,243.33,6.6
837,276,4,1,371.53,13.5
838,276,48,1,352.28,10.3
839,277,48,4,72.52,17.9
840,277,41,2,153.94,6.2
841,277,1,4,313.71,4.0
842,277,5,1,80.75,17.6
843,277,34,1,127.37,2.1
844,278,33,4,198.4,18.5
845,279,26,4,491.43,16.4
846,279,35,3,411.73,13.6
847,279,43,5,65.98,2.9
848,280,12,2,410.18,13.1
849,281,33,5,104.17,9.6
850,281,19,1,479.75,9.9
851,282,26,4,350.34,2.1
852,282,27,4,78.34,5.7
853,282,8,5,197.77,11.6
854,283,42,5,225.02,18.2
855,284,9,4,441.8,9.2
856,284,1,2,182.09,17.1
857,284,33,2,177.67,14.1
858,285,33,1,91.38,3.0
859,285,42,5,172.95,14.3
860,285,9,3,393.56,13.2
861,285,26,1,458.5,12.9
862,286,31,5,331.19,11.5
863,286,33,5,133.32,14.0
864,286,38,5,177.31,12.3
865,286,26,1,27.24,17.0
866,287,15,1,334.3,10.0
867,287,44,4,165.21,4.6
868,288,7,2,365.44,7.7
869,288,27,1,35.65,5.0
870,289,48,1,223.56,7.5
871,290,12,3,58.29,9.0
872,291,41,5,280.45,3.9
873,291,32,4,341.03,4.5
874,292,28,5,405.29,3.8
875,292,38,1,316.41,13.4
876,293,3,2,447.18,7.2
877,293,27,5,275.56,1.4
878,294,44,5,250.61,16.6
879,294,37,4,252.92,7.1
880,295,9,1,222.24,12.5
881,295,5,5,43.68,15.6
882,295,20,1,63.37,4.6
883,295,39,5,168.81,4.5
884,295,19,3,198.26,7.2
885,296,19,1,269.54,4.8
886,296,34,5,252.52,8.0
887,297,35,1,293.47,18.7
888,298,42,1,20.98,8.4
889,298,13,3,444.57,1.2
890,298,14,5,409.3,6.6
891,299,16,4,41.09,19.0
892,300,45,1,176.19,1.4
893,300,27,5,370.95,18.6
894,300,36,4,473.57,5.4
895,300,3,1,22.62,10.2
896,300,42,3,218.6,6.1
897,301,2,1,18.05,15.6
898,301,13,5,306.03,7.6
899,302,36,4,30.81,15.3
900,303,28,4,277.02,2.3
901,303,8,5,491.35,7.4
902,304,22,4,459.44,4.8
903,304,6,5,9.97,8.3
904,305,37,1,495.51,0.3
905,305,47,2,407.25,1.5
906,305,9,4,94.39,0.9
907,305,23,5,329.33,4.9
908,305,19,2,305.03,9.6
909,306,43,1,42.81,18.8
910,307,32,3,449.33,17.2
911,307,29,3,471.01,15.6
912,308,42,2,265.79,5.4
913,308,45,5,254.21,1.1
914,308,27,5,245.67,1.6
915,309,34,2,155.94,11.1
916,309,8,3,363.83,15.8
917,310,16,4,326.7,9.1
918,311,2,4,418.98,5.4
919,312,25,3,414.45,1.7
920,312,18,5,195.05,0.4
921,312,25,4,224.79,4.5
922,312,25,2,331.66,10.6
923,312,43,3,20.5,15.3
924,313,39,3,461.74,18.1
925,314,14,1,173.77,16.6
926,314,28,4,392.39,18.6
927,314,49,1,404.66,11.1
928,314,47,3,429.96,18.8
929,314,30,4,288.44,11.4
930,315,17,2,480.35,9.3
931,315,16,2,454.32,5.6
932,315,44,3,47.34,5.0
933,315,35,3,172.08,7.9
934,315,40,3,184.04,13.2
935,316,1,1,156.91,13.2
936,316,17,2,224.69,0.3
937,316,1,4,23.32,7.2
938,316,41,5,112.83,1.2
939,316,6,3,449.04,11.0
940,317,29,2,132.71,15.7
941,318,32,2,117.57,3.5
942,318,40,1,120.17,13.1
943,318,12,5,430.98,11.6
944,319,36,2,35.1,14.3
945,320,17,1,340.8,17.1
946,320,23,5,360.57,12.0
947,320,23,1,43.35,8.9
948,321,5,2,106.0,11.4
949,321,44,4,40.34,8.5
950,321,19,2,17.22,12.1
951,321,24,3,487.67,17.9
952,321,24,4,471.53,5.9
953,322,11,3,27.08,18.6
954,323,2,1,306.47,16.2
955,323,33,5,392.82,14.3
956,323,14,4,416.21,0.7
957,323,47,2,193.64,20.0
958,323,6,1,479.52,19.8
959,324,33,5,317.01,14.7
960,324,35,1,424.56,10.6
961,324,4,5,238.8,10.5
962,324,29,3,138.25,16.7
963,324,19,2,167.7,16.0
964,325,15,4,160.83,19.4
965,325,45,2,225.28,19.2
966,325,27,3,44.45,11.2
967,326,24,4,304.58,9.0
968,327,15,5,414.77,19.7
969,327,35,2,389.34,8.2
970,327,38,2,304.75,15.9
971,327,22,3,63.39,8.2
972,328,10,5,249.63,17.6
973,328,13,2,438.82,0.3
974,328,8,4,135.37,11.1
975,328,31,1,67.57,0.7
976,328,28,1,346.57,19.8
977,329,33,5,459.72,18.1
978,329,23,2,204.15,11.1
979,330,8,3,449.23,18.0
980,330,38,5,310.23,19.9
981,330,3,1,370.68,7.1
982,331,27,4,371.65,8.7
983,331,49,4,351.56,14.7
984,331,47,5,458.59,18.7
985,331,6,2,448.32,11.9
986,332,44,4,192.79,8.8
987,332,33,5,143.25,15.5
988,332,15,3,249.18,1.0
989,333,34,5,256.57,18.6
990,333,19,3,195.11,15.1
991,333,10,1,407.92,14.7
992,333,47,2,218.12,5.6
993,333,40,3,54.24,5.7
994,334,19,3,245.88,4.5
995,335,19,3,494.46,15.1
996,335,15,3,74.8,4.1
997,336,49,2,18.54,18.1
998,336,35,5,400.5,0.1
999,336,2,3,105.55,18.8
1000,336,37,4,367.38,10.4
1001,336,30,3,459.41,14.3
1002,337,29,4,249.16,1.7
1003,338,18,1,484.38,16.1
1004,338,48,2,365.04,6.5
1005,339,22,3,229.46,14.7
1006,339,44,1,354.87,6.3
1007,339,3,4,54.72,14.1
1008,339,34,3,99.25,11.2
1009,339,41,1,474.85,12.5
1010,340,9,5,191.22,18.9
1011,340,44,2,136.32,3.0
1012,341,47,4,144.89,4.0
1013,341,6,5,429.29,15.0
1014,342,28,1,247.89,12.2
1015,343,3,4,345.55,12.3
1016,343,41,5,121.18,7.0
1017,344,43,2,439.56,16.8
1018,344,19,4,247.66,12.6
1019,344,39,3,273.99,5.9
1020,344,15,1,481.64,17.9
1021,344,49,3,212.7,8.9
1022,345,43,4,62.33,9.3
1023,345,21,1,177.05,8.0
1024,346,50,4,420.86,17.3
1025,346,39,4,345.17,0.6
1026,347,33,2,445.46,15.7
1027,347,4,5,387.04,5.2
1028,347,21,4,198.73,8.8
1029,348,17,1,137.82,14.6
1030,348,22,1,157.71,8.2
1031,348,37,2,270.33,15.6
1032,348,8,5,307.32,2.6
1033,349,2,1,402.19,1.8
1034,349,46,3,456.55,15.3
1035,349,36,1,329.19,10.4
1036,349,24,5,103.23,3.1
1037,349,35,4,430.56,4.6
1038,350,24,3,209.63,11.1
1039,350,16,1,22.86,0.4
1040,351,7,5,201.98,9.7
1041,351,11,3,154.23,4.6
1042,351,50,2,21.72,15.0
1043,351,25,4,69.94,14.8
1044,351,18,1,42.88,10.1
1045,352,2,1,372.61,10.8
1046,352,10,1,369.26,15.9
1047,352,13,5,430.36,15.7
1048,352,28,5,373.02,6.0
1049,353,13,1,135.81,13.1
1050,353,31,4,149.16,1.9
1051,353,27,5,142.89,5.7
1052,353,45,5,255.76,7.6
1053,354,47,4,475.97,15.3
1054,354,46,1,228.87,11.6
1055,354,2,4,386.75,8.9
1056,354,31,5,58.93,6.2
1057,355,41,1,52.22,3.4
1058,355,32,5,128.73,2.8
1059,356,31,5,362.9,11.3
1060,356,15,1,384.87,5.0
1061,356,20,3,417.99,0.7
1062,356,45,5,301.37,17.4
1063,356,18,2,378.74,15.9
1064,357,32,3,479.94,4.7
1065,357,30,4,259.64,17.2
1066,357,47,1,461.01,8.5
1067,357,5,4,68.0,0.3
1068,357,34,1,87.27,8.8
1069,358,3,4,250.12,12.5
1070,359,32,2,375.75,10.9
1071,359,26,1,151.89,8.7
1072,359,19,3,263.63,12.3
1073,359,24,5,326.86,2.8
1074,359,34,2,402.39,19.0
1075,360,34,5,129.36,9.3
1076,360,22,2,86.3,14.3
1077,360,31,1,162.26,3.6
1078,361,5,1,159.36,3.8
1079,361,45,1,271.18,6.6
1080,361,4,5,237.0,3.1
1081,361,23,5,442.25,6.9
1082,362,13,3,145.67,18.2
1083,363,38,3,186.8,15.3
1084,363,17,5,272.8,13.2
1085,363,5,5,80.45,14.6
1086,363,18,2,135.15,2.0
1087,364,38,4,168.43,15.4
1088,364,38,5,142.23,16.1
1089,364,40,4,108.61,0.1
1090,364,15,2,50.21,16.1
1091,364,10,2,86.59,17.5
1092,365,5,1,72.8,16.1
1093,365,28,4,166.91,10.0
1094,365,8,2,282.27,7.5
1095,366,46,4,180.72,16.8
1096,366,21,5,43.71,12.1
1097,366,14,2,473.02,16.7
1098,366,46,2,420.74,11.2
1099,367,45,3,344.26,11.2
1100,367,28,3,93.12,17.3
1101,367,30,3,365.6,4.3
1102,367,36,2,194.32,3.6
1103,368,13,4,183.69,3.9
1104,369,20,3,51.58,7.4
1105,369,17,5,461.17,12.1
1106,369,3,3,322.63,8.0
1107,369,45,3,140.72,1.1
1108,369,37,1,432.28,18.6
1109,370,41,4,247.7,9.5
1110,370,42,5,404.68,0.8
1111,370,2,5,447.66,3.1
1112,370,48,2,436.1,2.6
1113,370,27,1,32.74,12.7
1114,371,21,1,429.66,5.5
1115,372,42,5,370.04,6.7
1116,372,44,3,449.38,3.4
1117,373,47,3,260.59,18.8
1118,373,26,4,419.67,13.4
1119,373,5,2,413.4,10.0
1120,373,47,3,46.56,8.9
1121,373,18,5,103.35,10.1
1122,374,41,1,159.03,11.2
1123,374,8,3,235.79,16.7
1124,375,37,4,48.64,18.4
1125,376,47,1,96.9,11.8
1126,376,2,2,395.42,4.4
1127,377,30,1,439.21,18.9
1128,377,20,2,374.97,14.8
1129,377,20,1,192.76,5.7
1130,378,9,5,161.19,4.5
1131,378,13,3,442.37,3.5
1132,378,19,3,350.29,5.3
1133,379,23,5,184.99,15.4
1134,379,34,4,415.6,13.7
1135,379,11,1,475.08,11.7
1136,379,10,5,286.51,19.9
1137,380,23,3,107.69,14.0
1138,380,33,5,415.78,15.9
1139,380,6,5,387.84,5.2
1140,380,30,3,20.57,2.3
1141,381,31,2,236.29,6.5
1142,381,37,4,330.86,18.0
1143,382,45,1,316.59,17.4
1144,382,1,2,213.6,6.7
1145,382,42,1,97.62,7.2
1146,383,30,5,97.15,0.4
1147,383,40,4,298.82,13.9
1148,384,31,2,130.02,7.5
1149,384,22,4,340.89,6.0
1150,384,15,5,58.39,8.5
1151,384,18,5,203.37,0.6
1152,385,11,3,443.86,19.3
1153,385,34,2,475.99,11.4
1154,385,9,2,333.39,15.8
1155,385,4,1,158.09,15.3
1156,385,23,4,201.02,9.2
1157,386,13,2,154.13,1.6
1158,386,16,2,221.09,14.5
1159,387,44,5,423.61,7.5
1160,387,31,2,175.63,9.4
1161,388,45,2,456.85,13.4
1162,388,30,2,382.71,1.9
1163,388,9,3,382.71,2.7
1164,388,50,3,449.52,16.4
1165,389,39,4,269.39,6.9
1166,389,43,5,18.31,17.7
1167,389,12,2,187.72,6.8
1168,389,1,5,301.59,8.0
1169,390,42,2,73.35,3.8
1170,391,20,4,50.96,7.7
1171,391,12,4,79.62,6.2
1172,392,3,3,479.46,8.4
1173,392,11,4,342.76,16.7
1174,392,30,1,176.41,14.7
1175,392,42,4,402.76,0.2
1176,393,9,5,255.95,13.7
1177,393,1,4,328.64,13.4
1178,393,28,1,154.96,5.2
1179,394,39,4,253.52,15.6
1180,395,35,3,60.28,3.6
1181,395,28,5,381.01,17.4
1182,395,6,2,8.44,19.0
1183,396,17,2,259.87,12.3
1184,396,30,4,29.03,5.6
1185,396,8,4,232.82,1.0
1186,396,39,3,129.9,6.7
1187,396,19,1,273.66,3.6
1188,397,27,1,226.15,6.0
1189,397,3,5,60.28,14.6
1190,397,35,4,128.07,1.7
1191,398,9,2,318.3,8.6
1192,399,23,4,346.05,4.9
1193,399,47,5,286.69,0.8
1194,399,21,3,23.95,12.2
1195,400,25,5,490.23,1.6
1196,401,28,4,16.08,19.0
1197,401,17,1,419.24,8.7
1198,401,8,2,287.59,19.9
1199,402,33,5,427.85,4.9
1200,402,4,3,288.8,4.3
1201,402,28,3,374.7,15.6
1202,402,18,5,337.36,12.1
1203,402,12,3,139.98,8.1
1204,403,27,2,141.01,9.2
1205,404,7,2,116.29,14.2
1206,404,15,1,307.64,14.6
1207,404,39,4,296.02,12.7
1208,405,35,4,240.42,11.2
1209,405,22,3,163.22,16.5
1210,405,10,4,427.91,10.0
1211,406,45,2,338.13,5.1
1212,406,3,5,484.02,12.6
1213,406,36,3,46.13,15.0
1214,406,34,3,155.5,15.0
1215,406,29,4,19.63,12.5
1216,407,40,3,284.62,8.3
1217,407,49,1,376.94,5.7
1218,408,16,4,460.98,2.6
1219,408,39,1,53.01,4.4
1220,408,8,5,148.23,17.3
1221,408,50,4,277.28,7.0
1222,409,27,5,143.05,15.4
1223,409,41,1,333.8,13.7
1224,410,33,5,268.59,4.5
1225,410,26,4,379.63,5.7
1226,410,29,2,462.34,3.6
1227,411,1,5,415.78,15.3
1228,411,42,2,343.26,2.0
1229,411,38,4,487.25,8.2
1230,412,40,2,73.59,12.4
1231,413,39,5,367.41,18.9
1232,414,40,2,87.4,12.5
1233,414,44,1,476.16,0.5
1234,414,39,4,278.27,17.3
1235,415,30,3,362.91,4.8
1236,415,31,2,164.75,5.9
1237,416,14,5,233.28,4.9
1238,417,29,2,399.39,19.5
1239,417,33,1,402.83,16.8
1240,417,11,2,233.8,19.2
1241,417,1,1,342.6,8.1
1242,417,34,4,431.77,1.4
1243,418,17,5,64.89,15.5
1244,418,42,5,358.81,8.8
1245,418,47,1,150.02,8.0
1246,418,47,1,184.87,14.3
1247,419,41,4,217.15,2.5
1248,419,10,3,380.18,11.6
1249,419,8,2,186.4,13.1
1250,419,10,2,398.8,4.2
1251,419,7,3,322.81,1.5
1252,420,49,2,379.71,6.8
1253,420,45,4,168.68,9.0
1254,420,17,5,141.27,0.7
1255,420,9,2,263.28,0.5
1256,421,37,3,358.33,6.1
1257,421,46,2,285.98,6.1
1258,421,46,4,338.27,3.1
1259,422,10,5,149.7,7.7
1260,422,41,2,18.86,4.2
1261,423,10,5,10.97,7.3
1262,423,33,5,205.89,12.4
1263,423,11,3,323.71,11.7
1264,424,21,5,190.31,17.3
1265,424,32,2,436.04,9.6
1266,424,31,4,12.05,18.9
1267,424,22,2,158.11,4.5
1268,424,18,5,390.12,15.8
1269,425,23,4,232.36,18.3
1270,425,1,5,449.58,14.8
1271,426,43,1,202.25,2.0
1272,426,22,5,38.26,11.1
1273,426,35,5,436.94,19.4
1274,427,29,5,263.86,4.9
1275,428,45,2,118.03,14.3
1276,428,12,1,489.79,5.3
1277,429,6,2,368.0,18.3
1278,429,9,5,154.87,4.2
1279,429,16,5,382.03,9.5
1280,430,35,1,162.83,12.7
1281,431,31,1,223.74,9.5
1282,431,7,5,296.74,12.0
1283,432,37,1,292.95,17.2
1284,432,8,4,389.81,3.9
1285,432,41,5,378.99,19.8
1286,433,49,4,302.67,9.9
1287,433,12,3,256.11,10.3
1288,433,42,3,135.78,10.6
1289,434,18,5,254.02,12.5
1290,434,8,2,246.35,6.4
1291,434,33,4,250.42,3.6
1292,435,44,3,51.81,17.2
1293,435,22,5,412.17,3.9
1294,435,7,2,110.54,10.0
1295,435,21,5,238.58,13.7
1296,436,14,5,337.58,6.5
1297,436,13,4,393.98,17.0
1298,436,40,2,166.21,10.3
1299,436,31,5,395.43,15.6
1300,436,18,2,466.76,9.4
1301,437,24,2,156.59,14.5
1302,437,48,3,227.61,8.5
1303,437,26,4,7.81,18.8
1304,438,27,3,324.67,2.8
1305,439,50,3,14.64,14.1
1306,439,14,3,150.92,7.5
1307,439,21,4,396.51,6.5
1308,439,36,2,399.75,12.4
1309,440,18,1,41.84,3.2
1310,440,47,4,471.04,11.9
1311,440,3,4,345.46,18.2
1312,440,32,2,143.67,12.1
1313,441,4,1,32.78,6.9
1314,441,35,3,221.87,5.7
1315,441,31,2,441.02,1.5
1316,441,50,4,413.03,17.5
1317,442,20,5,104.0,1.8
1318,442,16,3,288.5,15.3
1319,442,17,5,267.86,5.8
1320,442,2,2,387.19,1.4
1321,442,45,3,478.81,7.2
1322,443,48,2,96.15,9.4
1323,443,30,3,169.84,13.6
1324,443,46,3,131.4,15.0
1325,443,2,2,64.0,8.2
1326,444,32,1,416.68,1.2
1327,444,33,3,13.02,8.7
1328,444,3,5,437.18,6.5
1329,444,35,4,144.91,6.7
1330,445,48,1,284.83,19.5
1331,446,35,2,400.3,16.9
1332,447,37,4,306.97,19.9
1333,448,50,4,409.79,9.3
1334,449,42,3,41.15,13.0
1335,449,22,4,266.22,13.9
1336,450,2,4,289.5,0.1
1337,450,25,1,9.23,6.4
1338,450,10,3,428.51,11.7
1339,450,50,3,268.52,13.1
1340,451,50,5,463.05,17.9
1341,451,46,5,80.54,15.5
1342,452,20,2,54.94,10.7
1343,452,3,2,272.34,19.1
1344,453,21,2,330.79,4.0
1345,453,11,4,495.55,4.7
1346,453,14,3,18.51,17.6
1347,454,8,4,17.58,17.4
1348,454,48,2,193.31,8.9
1349,454,26,2,106.79,7.6
1350,454,8,1,484.78,10.1
1351,455,47,5,65.24,15.1
1352,455,8,4,371.62,7.2
1353,455,21,4,99.54,19.7
1354,455,33,3,241.6,10.2
1355,455,30,1,8.59,16.1
1356,456,7,3,183.39,6.2
1357,456,5,4,473.24,13.0
1358,456,15,1,326.96,16.2
1359,456,31,1,475.9,5.5
1360,457,3,2,424.47,3.5
1361,457,1,2,261.72,2.8
1362,457,31,1,35.28,16.0
1363,458,24,5,210.36,3.1
1364,458,12,2,468.46,19.3
1365,458,48,2,185.71,18.5
1366,459,2,4,106.02,8.1
1367,459,24,3,312.85,0.6
1368,460,22,1,444.97,0.7
1369,461,27,1,272.04,15.3
1370,461,47,5,89.02,2.0
1371,462,15,1,212.84,1.3
1372,462,31,4,491.77,17.1
1373,462,35,4,71.53,12.1
1374,463,20,4,237.4,18.1
1375,464,21,5,185.96,12.3
1376,464,46,1,241.51,15.0
1377,465,13,2,113.56,2.6
1378,465,10,2,331.31,14.9
1379,465,46,4,144.74,12.3
1380,465,16,2,129.08,14.6
1381,465,20,3,356.68,9.2
1382,466,34,5,290.7,17.7
1383,466,49,2,167.33,7.5
1384,466,10,5,369.52,17.0
1385,466,48,4,317.78,15.9
1386,466,12,1,75.76,0.7
1387,467,11,4,164.65,11.4
1388,467,31,3,97.94,17.4
1389,468,26,4,496.39,9.1
1390,468,17,5,222.73,14.9
1391,468,42,5,462.32,6.7
1392,468,12,3,173.79,17.4
1393,468,50,5,230.88,1.9
1394,469,49,5,135.12,15.6
1395,469,28,1,482.55,2.5
1396,469,15,4,415.89,2.4
1397,470,9,3,156.98,8.7
1398,470,6,5,95.39,16.4
1399,470,33,2,75.15,13.6
1400,471,13,3,265.16,15.6
1401,472,34,5,28.26,10.7
1402,472,35,2,348.38,19.9
1403,472,11,3,83.58,13.6
1404,472,41,5,117.0,18.6
1405,472,46,2,272.71,19.1
1406,473,13,3,29.21,19.4
1407,473,26,3,197.94,10.4
1408,473,27,4,236.66,2.7
1409,473,20,1,42.06,14.2
1410,474,14,5,299.02,1.3
1411,474,49,4,74.45,9.6
1412,474,11,2,198.66,3.2
1413,475,26,5,100.72,16.7
1414,475,5,2,481.86,5.5
1415,475,26,1,364.36,11.7
1416,475,44,2,106.89,2.8
1417,476,49,3,10.33,2.3
1418,476,20,5,55.79,12.6
1419,476,31,2,331.91,6.0
1420,477,35,5,229.91,1.4
1421,478,18,1,193.84,17.8
1422,478,8,4,215.83,3.4
1423,478,46,4,380.44,4.5
1424,479,6,5,480.07,17.3
1425,480,43,4,419.17,19.3
1426,480,27,1,320.84,17.3
1427,481,47,3,452.84,12.8
1428,481,22,4,335.15,5.0
1429,481,23,1,11.4,14.3
1430,482,16,5,250.01,11.8
1431,482,43,3,56.46,15.6
1432,482,46,4,282.53,16.7
1433,482,25,5,261.89,18.5
1434,483,3,5,58.36,16.8
1435,483,42,1,289.93,2.3
1436,483,49,2,183.55,13.5
1437,483,39,4,408.57,14.4
1438,484,23,4,426.86,11.5
1439,485,3,4,407.51,12.6
1440,485,50,4,336.19,0.5
1441,485,37,2,16.95,18.9
1442,485,7,3,460.73,16.0
1443,485,47,4,425.47,5.1
1444,486,23,2,141.93,15.7
1445,486,21,4,351.06,12.7
1446,486,50,2,108.64,15.4
1447,487,42,3,371.65,15.1
1448,487,50,2,423.14,17.1
1449,487,22,3,310.12,14.8
1450,487,15,3,415.2,2.0
1451,487,47,1,321.53,6.3
1452,488,41,2,379.5,4.0
1453,488,46,4,178.54,16.1
1454,488,24,2,479.86,6.5
1455,488,8,2,293.01,18.2
1456,489,19,5,271.44,8.0
1457,489,45,1,103.32,1.8
1458,489,39,4,426.84,2.9
1459,489,22,5,180.13,2.7
1460,489,25,1,423.28,14.7
1461,490,40,5,485.52,6.5
1462,490,15,4,413.94,4.9
1463,490,10,3,18.05,4.5
1464,491,16,2,222.98,16.2
1465,491,10,1,151.91,19.3
1466,492,31,4,210.19,11.0
1467,492,37,2,209.1,17.0
1468,492,38,4,315.49,17.8
1469,492,25,3,354.84,19.6
1470,492,17,4,188.26,18.0
1471,493,21,5,181.75,19.2
1472,493,9,3,430.67,19.7
1473,494,35,5,68.74,19.6
1474,494,33,4,270.0,2.1
1475,495,15,3,360.19,12.9
1476,495,36,2,235.32,11.5
1477,495,4,4,311.31,9.9
1478,495,28,1,476.82,3.4
1479,495,36,4,281.7,1.2
1480,496,31,2,36.57,7.1
1481,496,47,3,287.03,18.9
1482,496,47,1,358.24,9.8
1483,497,26,2,332.59,6.2
1484,497,45,3,168.61,11.4
1485,498,27,2,384.32,19.6
1486,498,38,3,432.05,19.4
1487,498,4,3,295.79,15.5
1488,498,5,5,36.5,8.3
1489,498,11,2,128.16,12.0
1490,499,12,1,326.46,9.9
1491,499,8,3,49.11,18.9
1492,500,45,4,403.43,7.6
1493,500,31,2,424.4,3.7
1494,500,20,3,92.82,8.6
1495,500,17,4,49.91,5.2
1496,500,13,2,178.84,12.9
1497,501,22,4,377.15,10.5
1498,502,39,1,491.1,1.2
1499,503,7,2,5.86,19.7
1500,503,1,1,166.8,6.1
1501,503,37,5,190.54,1.4
1502,504,13,5,251.61,10.7
1503,504,23,1,436.69,18.3
1504,505,24,5,92.58,8.8
1505,505,50,2,256.13,16.3
1506,505,29,1,312.93,18.7
1507,505,8,3,467.84,2.2
1508,505,44,2,297.1,3.3
1509,506,32,2,303.73,19.9
1510,507,30,5,416.73,15.7
1511,507,8,5,37.4,4.9
1512,507,10,2,480.39,9.8
1513,508,3,3,34.02,19.6
1514,508,31,5,53.9,10.4
1515,508,43,3,456.37,11.3
1516,508,45,5,263.23,15.1
1517,509,19,3,72.06,15.3
1518,509,19,4,205.1,7.5
1519,510,2,4,56.64,11.2
1520,510,40,4,156.42,19.8
1521,510,50,3,386.57,14.0
1522,510,34,1,98.1,1.8
1523,511,48,5,273.68,12.8
1524,511,48,1,269.47,0.9
1525,511,20,4,98.18,19.3
1526,511,4,4,370.58,10.5
1527,511,12,5,188.56,14.0
1528,512,7,4,475.23,17.8
1529,512,46,3,41.12,4.1
1530,513,37,5,12.72,18.4
1531,513,14,1,462.53,0.1
1532,514,43,3,492.28,19.7
1533,514,15,3,459.2,8.0
1534,515,10,5,126.86,13.4
1535,515,28,5,356.54,18.0
1536,516,14,3,207.56,0.2
1537,516,27,4,142.65,18.0
1538,516,50,4,130.45,0.2
1539,517,3,4,68.8,13.8
1540,517,5,1,62.06,18.0
1541,517,32,1,95.76,6.5
1542,517,48,3,477.88,14.3
1543,518,19,5,146.79,17.1
1544,518,17,1,381.69,7.9
1545,518,13,1,279.6,10.0
1546,518,9,5,497.8,9.4
1547,519,8,2,23.83,7.8
1548,520,49,1,124.67,12.3
1549,521,48,2,223.8,15.4
1550,521,43,5,384.56,3.8
1551,521,14,3,26.66,0.3
1552,521,10,3,430.45,5.0
1553,522,23,4,104.32,12.9
1554,522,26,4,80.78,5.8
1555,523,15,2,315.47,6.7
1556,524,2,4,39.34,4.9
1557,524,34,3,280.64,2.9
1558,524,21,1,60.13,1.3
1559,524,34,5,13.64,14.4
1560,525,24,1,76.03,2.1
1561,525,15,1,193.7,11.3
1562,525,25,5,64.22,4.5
1563,526,37,5,41.59,13.0
1564,527,37,4,144.82,12.3
1565,527,29,2,343.03,12.3
1566,527,23,4,242.17,18.0
1567,527,30,5,440.32,4.5
1568,528,41,2,481.7,7.8
1569,528,17,2,187.2,0.4
1570,528,20,2,26.06,8.2
1571,529,15,4,66.89,12.5
1572,529,14,4,213.46,8.4
1573,529,47,4,224.73,7.8
1574,529,24,3,166.38,8.0
1575,529,47,5,106.93,4.3
1576,530,37,2,474.26,14.6
1577,530,40,3,450.68,11.0
1578,531,24,3,110.69,2.8
1579,531,7,5,327.86,6.0
1580,531,50,5,209.0,4.0
1581,531,22,5,445.51,13.2
1582,532,28,2,471.88,0.5
1583,532,14,4,285.86,3.4
1584,532,48,5,385.77,12.8
1585,532,37,2,79.59,6.3
1586,532,16,2,382.5,9.7
1587,533,49,5,267.64,12.6
1588,533,3,1,394.55,1.7
1589,533,1,1,169.1,1.8
1590,533,23,2,373.07,19.2
1591,533,20,1,184.66,18.2
1592,534,29,4,172.62,3.5
1593,534,20,1,402.16,3.2
1594,534,10,2,210.52,10.6
1595,534,40,4,83.35,11.0
1596,534,31,3,346.53,18.1
1597,535,43,2,455.05,1.9
1598,536,9,4,239.04,9.5
1599,537,38,3,465.82,11.7
1600,538,29,1,485.3,18.9
1601,538,37,3,443.37,19.8
1602,539,5,2,71.8,6.0
1603,539,26,2,59.93,18.7
1604,539,43,2,480.98,6.4
1605,540,23,5,491.87,9.9
1606,541,38,4,495.89,7.3
1607,541,17,2,259.14,19.6
1608,541,2,4,162.69,3.3
1609,541,42,2,351.75,5.3
1610,541,28,3,25.03,15.0
1611,542,43,1,169.79,0.6
1612,542,40,1,368.65,0.4
1613,542,25,2,452.74,7.6
1614,542,3,3,349.94,6.7
1615,543,28,4,355.1,2.6
1616,543,23,3,278.43,9.8
1617,543,18,1,457.11,18.4
1618,543,6,3,431.43,17.9
1619,543,2,2,404.08,2.1
1620,544,12,3,37.15,11.4
1621,545,50,1,432.53,0.2
1622,545,1,3,435.73,12.3
1623,546,38,4,317.35,6.6
1624,546,43,1,308.22,1.1
1625,547,13,1,96.86,14.4
1626,547,6,1,219.32,13.7
1627,548,4,1,196.52,12.5
1628,548,13,4,409.69,14.2
1629,549,39,2,237.26,14.6
1630,549,38,1,224.05,10.2
1631,549,6,2,487.22,5.3
1632,549,35,5,486.5,14.0
1633,550,13,2,425.07,15.1
1634,551,11,4,319.47,11.8
1635,551,39,4,255.79,5.7
1636,552,17,3,369.04,10.6
1637,552,42,3,144.32,3.2
1638,552,4,1,249.49,18.1
1639,552,4,5,379.05,8.6
1640,553,1,1,162.61,15.4
1641,553,24,5,340.71,1.3
1642,553,17,3,228.14,14.8
1643,553,31,3,252.35,15.3
1644,554,35,2,117.92,3.4
1645,554,45,3,207.82,17.6
1646,554,21,4,234.49,18.0
1647,555,10,2,370.24,7.7
1648,555,2,2,395.19,7.6
1649,555,41,2,202.71,0.3
1650,555,43,2,79.76,18.9
1651,556,7,1,198.69,3.0
1652,556,22,2,15.73,7.8
1653,557,36,3,117.73,9.7
1654,557,47,4,219.26,18.9
1655,557,11,4,484.7,1.2
1656,558,5,3,354.48,12.2
1657,559,16,5,471.95,16.1
1658,559,27,4,11.42,6.2
1659,560,22,3,343.61,8.6
1660,560,8,5,69.07,5.6
1661,561,45,2,187.94,19.4
1662,561,5,1,226.3,8.3
1663,561,14,3,345.7,18.2
1664,562,41,4,394.47,11.1
1665,562,37,3,350.67,18.0
1666,562,21,5,485.71,4.6
1667,563,40,2,407.59,5.0
1668,563,37,4,445.83,6.3
1669,563,7,4,376.35,12.5
1670,563,6,5,248.02,12.1
1671,563,47,3,38.13,7.8
1672,564,50,3,357.39,7.3
1673,564,50,1,239.5,4.5
1674,565,21,3,413.29,9.7
1675,566,18,3,244.93,6.3
1676,566,35,2,412.95,12.9
1677,567,39,1,151.33,1.2
1678,567,13,5,400.43,5.6
1679,567,25,4,351.82,17.1
1680,567,20,3,106.1,5.9
1681,567,2,4,43.96,9.3
1682,568,29,4,279.86,11.9
1683,568,49,3,58.33,5.5
1684,569,13,5,229.4,3.3
1685,569,9,3,478.27,2.5
1686,569,21,5,241.17,2.8
1687,570,36,1,316.3,12.9
1688,570,26,2,166.67,16.7
1689,570,3,3,165.39,15.1
1690,570,3,5,32.65,14.3
1691,571,32,1,463.84,2.8
1692,571,7,5,85.87,14.3
1693,572,49,3,486.3,6.8
1694,573,22,1,248.77,10.9
1695,573,34,4,322.7,7.9
1696,573,10,5,412.31,16.3
1697,573,29,2,62.05,18.2
1698,574,15,2,32.97,13.7
1699,574,2,1,323.24,13.9
1700,574,31,1,25.88,15.2
1701,575,9,5,163.13,7.8
1702,575,41,4,14.53,15.3
1703,576,2,4,277.27,0.8
1704,576,38,1,108.37,11.7
1705,576,1,3,352.4,11.6
1706,576,24,5,449.8,3.3
1707,577,10,5,8.64,12.6
1708,577,40,3,136.5,7.5
1709,578,11,2,378.31,5.1
1710,578,13,3,449.47,7.9
1711,578,42,3,228.57,8.9
1712,578,42,5,386.16,4.1
1713,579,3,4,403.29,14.9
1714,580,13,5,369.17,6.0
1715,580,45,2,443.89,16.4
1716,581,30,1,325.68,4.6
1717,581,17,2,257.99,6.2
1718,581,14,2,430.88,4.1
1719,582,47,3,231.65,7.8
1720,582,49,2,460.81,9.6
1721,582,39,3,398.53,13.3
1722,582,16,1,310.1,17.7
1723,583,40,1,429.3,18.9
1724,584,20,4,193.8,11.4
1725,585,7,1,187.18,12.9
1726,585,28,3,42.67,8.3
1727,586,20,1,449.77,6.0
1728,587,30,2,64.56,12.7
1729,587,44,1,440.74,18.6
1730,587,12,1,60.73,14.5
1731,588,38,5,140.2,0.5
1732,588,37,4,36.33,13.8
1733,588,14,1,201.78,7.5
1734,588,3,4,219.08,9.3
1735,589,1,5,449.22,13.1
1736,589,50,3,356.4,14.4
1737,590,18,1,337.27,19.3
1738,590,13,2,346.39,16.2
1739,591,37,4,281.68,14.1
1740,592,46,1,146.83,1.8
1741,592,24,4,411.25,10.9
1742,593,43,3,364.47,10.8
1743,593,21,3,206.47,11.6
1744,593,24,4,491.84,15.3
1745,594,44,4,339.48,8.2
1746,594,28,1,303.07,17.7
1747,595,23,4,228.13,10.8
1748,595,44,2,445.42,6.9
1749,595,41,2,301.4,10.8
1750,596,37,2,488.73,15.8
1751,596,45,4,45.46,8.4
1752,597,33,5,25.78,2.1
1753,598,17,5,334.0,3.3
1754,599,44,3,247.14,6.5
1755,599,24,5,468.78,10.5
1756,600,15,5,178.81,8.2
1757,600,49,1,116.78,12.9
1758,600,10,2,359.52,17.9
1759,600,33,1,250.13,18.3
1760,601,16,4,154.91,4.2
1761,601,41,1,476.02,3.8
1762,601,2,1,151.41,4.1
1763,602,5,3,229.04,2.4
1764,603,43,4,10.23,12.0
1765,603,22,4,190.58,6.1
1766,603,40,5,460.18,12.7
1767,604,3,4,488.62,10.0
1768,604,23,1,131.61,9.5
1769,604,25,5,386.04,8.5
1770,604,38,5,440.91,19.0
1771,604,44,4,497.35,7.6
1772,605,49,1,240.06,10.9
1773,605,6,2,363.52,14.3
1774,605,7,4,193.03,6.7
1775,605,39,4,22.0,6.2
1776,606,14,5,208.25,0.2
1777,606,9,5,432.04,15.6
1778,606,33,4,39.2,3.6
1779,606,18,5,197.15,18.5
1780,607,17,5,63.25,10.3
1781,608,29,3,427.51,0.8
1782,608,39,3,216.23,13.7
1783,609,13,4,245.69,0.1
1784,610,50,4,26.72,3.7
1785,610,22,5,423.54,4.6
1786,611,45,1,55.26,2.8
1787,611,48,5,283.57,8.8
1788,611,24,4,15.17,10.5
1789,611,45,3,319.24,2.1
1790,612,3,3,220.96,14.0
1791,612,5,1,48.19,17.6
1792,612,43,3,239.94,10.1
1793,612,16,2,64.9,3.2
1794,613,12,2,225.82,19.9
1795,613,24,5,135.19,1.3
1796,613,43,2,293.15,2.3
1797,613,3,2,105.21,6.0
1798,613,48,4,10.54,1.2
1799,614,8,5,334.63,11.7
1800,615,20,2,163.17,4.9
1801,616,14,2,333.7,9.6
1802,616,14,1,90.35,11.1
1803,616,41,5,430.05,1.4
1804,616,43,2,429.63,2.9
1805,617,31,5,494.98,1.5
1806,618,16,4,420.69,7.2
1807,618,15,3,206.16,15.0
1808,619,21,4,18.69,13.4
1809,620,26,4,305.19,17.3
1810,620,48,2,242.29,19.0
1811,620,33,4,324.79,15.1
1812,621,16,5,263.02,9.9
1813,621,5,4,301.91,8.3
1814,622,6,2,387.59,0.8
1815,622,18,4,144.01,13.0
1816,622,22,3,418.98,12.1
1817,622,20,4,258.16,7.7
1818,622,45,5,349.15,18.5
1819,623,39,5,72.95,6.7
1820,623,45,4,487.74,10.7
1821,623,40,1,129.54,5.4
1822,623,18,3,299.24,4.6
1823,623,21,2,285.18,7.0
1824,624,13,3,261.25,8.2
1825,624,17,5,214.8,13.2
1826,624,50,5,445.82,2.8
1827,625,13,3,357.75,11.1
1828,625,14,4,292.97,3.5
1829,625,47,3,321.1,4.1
1830,626,12,4,190.62,7.8
1831,626,46,3,466.58,9.2
1832,626,22,2,131.09,1.4
1833,627,25,5,492.01,0.1
1834,628,17,4,230.11,19.8
1835,628,38,3,258.0,8.4
1836,629,4,4,315.92,9.8
1837,629,7,4,221.4,6.3
1838,629,9,2,65.84,15.2
1839,630,3,1,142.29,11.0
1840,631,9,1,463.25,13.7
1841,631,14,1,446.2,11.3
1842,631,1,1,172.11,12.5
1843,632,19,4,124.14,4.4
1844,632,39,5,377.1,18.6
1845,632,23,2,80.09,11.1
1846,633,49,2,90.06,19.3
1847,633,25,2,273.15,0.3
1848,633,11,1,287.76,12.3
1849,634,32,1,52.36,16.9
1850,634,15,2,232.46,3.3
1851,634,12,2,143.34,0.1
1852,635,28,5,431.14,17.0
1853,635,29,2,119.93,16.9
1854,635,27,4,224.05,14.8
1855,636,40,4,16.4,15.3
1856,636,14,4,221.14,17.5
1857,636,22,3,15.25,10.2
1858,636,25,4,305.24,7.5
1859,637,39,4,88.35,8.1
1860,638,21,3,205.53,5.0
1861,638,19,2,192.82,17.6
1862,639,44,5,125.82,14.0
1863,640,46,1,197.49,6.9
1864,640,25,1,248.02,14.5
1865,640,28,1,221.49,7.0
1866,640,18,3,456.24,5.2
1867,641,11,2,427.56,12.9
1868,641,39,5,406.02,16.9
1869,642,24,1,381.55,1.8
1870,642,11,1,309.65,11.1
1871,642,17,1,265.0,5.1
1872,642,10,3,75.11,8.7
1873,643,15,4,159.24,10.4
1874,643,15,1,312.37,11.5
1875,644,19,5,237.77,8.5
1876,644,11,2,13.5,19.2
1877,645,46,1,38.35,2.0
1878,645,12,5,66.45,9.3
1879,645,49,3,362.99,3.1
1880,645,12,2,394.52,6.5
1881,645,11,3,259.06,0.4
1882,646,4,4,71.8,1.0
1883,646,10,2,124.75,12.2
1884,646,24,5,392.66,9.2
1885,646,30,2,356.55,14.3
1886,646,11,5,378.48,1.3
1887,647,9,1,147.17,10.6
1888,647,32,4,277.41,14.5
1889,647,34,4,481.24,18.9
1890,647,23,5,290.85,16.8
1891,648,49,3,264.12,8.2
1892,648,33,4,67.49,0.7
1893,648,5,5,497.38,16.8
1894,648,8,5,452.56,7.7
1895,649,24,1,160.7,4.0
1896,649,2,2,220.59,12.8
1897,649,10,4,433.27,15.8
1898,650,42,3,201.2,2.8
1899,650,15,4,130.2,8.0
1900,651,24,2,234.33,8.3
1901,651,4,2,474.12,17.9
1902,651,7,3,190.15,7.0
1903,651,25,4,43.67,5.9
1904,652,36,4,25.06,19.6
1905,652,31,1,179.48,3.9
1906,652,33,2,10.47,2.0
1907,652,48,5,138.46,0.5
1908,652,14,5,188.78,9.0
1909,653,40,4,176.73,6.5
1910,653,24,1,401.61,11.7
1911,653,29,4,219.54,10.3
1912,654,47,5,255.44,20.0
1913,654,10,4,168.43,14.3
1914,654,47,3,76.26,15.2
1915,654,13,1,310.35,5.5
1916,654,15,1,26.79,0.2
1917,655,13,4,286.8,8.4
1918,655,10,4,275.79,5.1
1919,656,1,1,85.88,0.7
1920,656,47,4,394.57,4.4
1921,657,44,4,61.55,13.4
1922,657,22,5,365.32,7.4
1923,658,17,5,281.49,17.8
1924,658,48,3,317.6,6.5
1925,658,10,5,262.42,5.6
1926,658,39,2,116.97,0.4
1927,659,18,3,470.27,6.0
1928,659,47,4,30.39,11.8
1929,659,17,1,412.91,11.1
1930,659,15,2,234.85,3.1
1931,660,45,5,255.39,8.3
1932,661,27,5,168.95,1.6
1933,661,11,5,243.18,18.6
1934,661,5,3,463.43,1.1
1935,661,26,4,81.25,9.5
1936,662,22,3,63.52,4.7
1937,663,26,5,110.94,8.6
1938,663,16,3,125.4,16.1
1939,663,22,2,301.0,11.9
1940,663,6,1,45.64,15.9
1941,664,10,5,217.13,17.9
1942,665,4,1,238.25,0.7
1943,665,19,3,340.98,18.4
1944,666,43,5,48.32,3.3
1945,666,20,3,54.49,19.9
1946,666,6,1,309.11,16.4
1947,667,11,4,412.97,9.8
1948,667,18,5,149.26,16.7
1949,668,40,3,73.61,9.2
1950,669,11,5,52.58,12.1
1951,669,45,3,20.86,17.0
1952,669,43,2,348.98,16.2
1953,670,33,3,150.36,14.1
1954,670,26,4,404.45,4.7
1955,670,20,3,109.22,9.2
1956,671,3,1,34.08,17.5
1957,671,10,1,499.12,2.5
1958,672,19,3,345.42,11.6
1959,673,28,4,65.7,12.9
1960,673,43,5,366.04,6.1
1961,673,46,2,448.32,13.1
1962,673,24,2,198.44,6.9
1963,674,3,3,197.83,16.3
1964,675,43,4,392.94,17.3
1965,675,29,2,408.81,14.9
1966,675,46,4,330.91,19.2
1967,675,49,5,434.73,3.7
1968,676,17,4,51.14,17.5
1969,676,22,2,25.8,2.8
1970,677,39,4,478.75,18.1
1971,677,47,2,211.85,15.4
1972,677,41,3,357.13,16.0
1973,677,24,3,6.35,9.7
1974,677,33,2,109.48,6.7
1975,678,18,5,198.39,10.6
1976,678,38,5,463.66,3.9
1977,678,50,1,230.2,14.4
1978,678,36,3,271.7,15.1
1979,678,3,3,169.64,8.1
1980,679,31,4,464.88,18.3
1981,680,37,2,461.93,16.7
1982,680,15,4,136.03,17.8
1983,680,3,2,335.87,11.6
1984,680,26,3,7.12,4.6
1985,680,15,4,123.3,0.0
1986,681,5,3,269.95,18.0
1987,682,2,5,434.93,14.7
1988,682,50,3,385.61,13.3
1989,682,32,5,110.64,13.2
1990,682,19,1,428.34,18.5
1991,683,36,3,92.73,13.1
1992,683,1,4,44.44,12.9
1993,683,31,1,54.23,18.6
1994,683,47,3,88.67,5.8
1995,684,27,2,453.45,4.1
1996,684,11,3,53.31,18.6
1997,684,20,5,347.32,12.8
1998,685,10,1,427.25,0.1
1999,686,5,3,482.75,2.3
2000,686,29,3,65.11,15.3
2001,687,30,5,65.44,13.4
2002,687,18,1,181.35,1.8
2003,687,12,4,404.27,10.9
2004,687,17,1,455.91,12.4
2005,687,50,1,496.1,3.2
2006,688,11,5,408.53,10.7
2007,688,31,3,19.75,17.1
2008,688,49,4,56.27,10.2
2009,689,14,2,99.12,12.7
2010,689,50,5,375.13,1.3
2011,689,48,2,418.08,18.7
2012,689,50,4,280.94,9.2
2013,690,42,3,103.56,0.8
2014,690,29,2,6.84,7.1
2015,690,43,3,326.11,8.3
2016,691,21,4,47.19,16.9
2017,692,34,5,384.23,11.9
2018,692,31,4,279.02,11.0
2019,692,49,3,64.28,16.2
2020,692,41,3,126.79,10.7
2021,692,28,3,24.27,2.1
2022,693,43,2,349.47,16.3
2023,693,10,3,173.27,8.2
2024,693,5,5,185.07,10.0
2025,694,27,1,17.94,5.7
2026,694,12,1,435.4,18.6
2027,694,39,5,426.53,7.3
2028,695,17,3,162.56,2.5
2029,696,14,5,401.18,4.6
2030,696,18,3,421.53,11.0
2031,696,35,1,406.73,11.0
2032,696,37,5,152.12,11.0
2033,696,20,1,448.19,15.0
2034,697,20,4,51.02,6.7
2035,698,9,1,51.69,18.9
2036,699,7,4,26.05,16.2
2037,700,35,1,135.82,11.8
2038,700,36,2,45.59,3.4
2039,700,42,5,351.85,2.1
2040,700,2,4,113.12,14.2
2041,701,48,5,123.1,8.2
2042,701,44,5,438.16,11.5
2043,702,32,5,122.77,8.6
2044,702,40,4,100.27,10.6
2045,703,9,4,486.99,8.2
2046,703,38,3,138.33,12.3
2047,703,8,4,131.22,12.1
2048,704,8,4,297.41,14.9
2049,705,37,2,408.15,11.6
2050,705,43,2,70.56,0.8
2051,706,48,1,366.97,13.7
2052,706,9,2,141.89,2.3
2053,707,42,2,360.03,16.6
2054,708,27,1,173.97,8.9
2055,709,47,1,435.06,6.5
2056,709,27,4,331.46,13.6
2057,710,43,2,429.59,2.9
2058,710,25,3,98.06,13.3
2059,710,43,2,247.51,19.0
2060,710,28,1,129.8,8.7
2061,711,4,1,375.42,10.5
2062,711,14,4,59.66,5.7
2063,712,18,2,215.95,0.3
2064,712,49,5,37.32,9.1
2065,712,20,2,227.42,13.8
2066,713,31,4,138.47,9.6
2067,713,29,2,13.49,4.7
2068,713,32,4,113.34,19.0
2069,714,42,2,59.36,14.4
2070,714,34,3,346.5,5.4
2071,714,43,5,400.73,14.9
2072,714,2,1,285.74,17.7
2073,714,16,3,129.79,4.9
2074,715,40,5,400.5,10.6
2075,715,12,4,488.84,0.1
2076,715,2,3,385.4,15.4
2077,715,27,5,173.94,9.6
2078,715,12,1,367.65,14.4
2079,716,17,3,295.17,12.6
2080,716,43,5,284.78,7.1
2081,716,25,4,314.19,17.8
2082,716,21,1,429.61,7.1
2083,717,35,3,249.11,8.6
2084,717,36,1,346.42,2.1
2085,718,15,4,433.94,4.1
2086,718,27,5,498.0,1.5
2087,719,29,2,114.26,4.3
2088,719,24,1,23.12,0.2
2089,719,38,4,64.54,5.6
2090,719,38,4,447.09,1.9
2091,719,16,5,63.8,16.1
2092,720,35,2,26.86,13.8
2093,720,35,2,330.36,13.9
2094,720,1,4,409.45,4.3
2095,720,27,3,54.55,10.1
2096,720,15,5,142.45,8.5
2097,721,23,4,280.36,3.3
2098,721,48,1,490.45,11.4
2099,721,43,3,100.31,16.4
2100,722,48,1,367.56,3.9
2101,722,14,2,70.65,9.2
2102,723,15,5,71.58,2.4
2103,723,47,2,186.49,15.1
2104,723,49,3,418.2,8.6
2105,723,45,1,417.64,3.2
2106,724,1,2,190.4,10.7
2107,724,44,4,58.72,15.3
2108,724,14,1,81.1,2.2
2109,724,15,2,136.74,10.4
2110,725,44,5,475.23,18.6
2111,725,38,3,443.76,3.1
2112,725,39,5,331.96,4.3
2113,725,29,4,90.21,16.7
2114,725,29,3,161.29,12.1
2115,726,13,4,151.29,15.5
2116,727,6,5,62.1,13.9
2117,727,4,2,369.82,10.7
2118,727,8,5,242.26,18.2
2119,727,38,2,31.15,3.6
2120,728,9,2,454.46,10.2
2121,728,39,5,442.79,4.8
2122,729,6,3,264.91,1.9
2123,729,17,3,276.71,16.6
2124,729,3,4,247.8,16.8
2125,729,9,2,350.89,1.8
2126,729,10,5,223.96,8.4
2127,730,6,3,233.15,13.6
2128,730,22,1,21.39,0.2
2129,730,2,1,432.13,14.5
2130,730,6,3,86.64,14.8
2131,730,41,5,45.13,13.8
2132,731,7,4,392.91,10.8
2133,731,24,1,394.8,15.0
2134,731,39,1,361.02,19.8
2135,731,21,4,337.73,15.9
2136,732,42,3,377.5,5.2
2137,732,6,5,407.32,12.0
2138,732,37,5,241.01,9.8
2139,732,50,1,79.54,16.5
2140,732,19,5,312.72,0.8
2141,733,31,1,256.04,9.3
2142,733,3,5,29.18,13.2
2143,733,16,4,175.95,6.8
2144,733,24,5,141.16,3.0
2145,734,37,1,121.72,3.0
2146,734,18,5,117.78,6.4
2147,734,43,1,186.27,16.4
2148,734,37,4,366.15,11.1
2149,735,41,4,31.25,4.2
2150,736,39,5,281.34,12.4
2151,736,2,5,390.41,19.1
2152,736,34,2,67.25,1.2
2153,736,4,1,433.3,5.1
2154,737,8,5,458.04,14.8
2155,737,17,3,481.27,12.9
2156,737,36,4,251.73,18.6
2157,737,34,2,192.15,15.3
2158,737,34,1,202.86,4.8
2159,738,10,4,311.44,5.9
2160,739,34,5,324.37,13.3
2161,739,20,4,152.31,0.4
2162,740,49,2,187.29,14.5
2163,740,34,4,110.87,6.2
2164,740,50,3,45.67,17.5
2165,740,25,3,473.0,12.6
2166,741,23,3,380.04,17.3
2167,741,3,2,204.62,4.6
2168,742,22,5,343.18,5.9
2169,742,47,1,335.99,9.4
2170,742,20,4,397.09,17.3
2171,743,37,5,255.08,18.4
2172,743,50,2,366.74,7.4
2173,743,36,5,261.78,16.6
2174,743,18,3,364.12,2.7
2175,743,40,1,338.47,6.8
2176,744,44,1,496.6,5.8
2177,744,14,2,108.42,15.3
2178,744,23,2,415.12,5.2
2179,745,46,1,200.39,4.4
2180,745,10,1,49.58,14.2
2181,745,30,5,235.89,17.6
2182,746,35,1,305.2,4.0
2183,747,6,2,248.83,2.7
2184,747,42,3,499.72,0.8
2185,747,27,1,363.06,19.1
2186,747,49,5,381.87,9.9
2187,747,21,4,52.18,19.2
2188,748,50,5,361.54,10.5
2189,748,1,1,456.2,4.2
2190,748,2,1,295.11,6.7
2191,748,27,1,277.12,16.8
2192,749,1,2,345.76,6.7
2193,749,41,4,135.62,5.7
2194,749,39,1,480.38,18.2
2195,749,1,5,341.66,7.8
2196,749,40,3,71.29,1.2
2197,750,39,1,405.21,17.4
2198,750,41,5,146.98,10.8
2199,750,15,2,201.52,9.5
2200,751,38,2,379.48,8.1
2201,752,47,2,471.09,12.1
2202,752,33,2,41.38,9.0
2203,753,22,4,42.99,5.1
2204,753,3,3,69.38,10.7
2205,753,48,1,415.64,12.6
2206,754,16,4,468.12,8.6
2207,754,48,1,262.07,1.9
2208,754,48,2,216.13,16.9
2209,755,13,1,262.53,4.1
2210,756,26,5,48.75,17.4
2211,756,2,4,81.23,9.1
2212,756,21,2,54.47,3.5
2213,756,14,3,449.26,7.1
2214,757,33,5,95.78,11.4
2215,757,32,4,215.11,11.2
2216,757,10,5,109.38,10.5
2217,757,17,3,376.08,0.8
2218,758,20,5,7.45,10.6
2219,758,29,2,174.59,4.7
2220,759,48,5,72.57,0.9
2221,759,15,3,309.18,2.5
2222,759,7,3,228.51,13.9
2223,759,39,1,256.16,19.9
2224,759,38,1,402.63,5.7
2225,760,2,4,495.99,11.7
2226,760,11,4,379.33,14.1
2227,761,41,4,384.48,11.5
2228,761,25,3,415.99,12.8
2229,761,49,5,374.28,13.5
2230,761,49,4,49.38,10.4
2231,761,10,5,392.85,11.6
2232,762,16,2,168.53,2.1
2233,762,2,5,444.23,11.4
2234,762,13,2,445.82,2.2
2235,762,50,2,150.74,2.8
2236,762,28,4,284.14,19.2
2237,763,27,5,351.34,19.8
2238,764,10,4,321.92,9.1
2239,764,27,1,322.76,3.5
2240,764,14,3,283.02,19.9
2241,764,15,5,305.33,6.5
2242,765,24,2,449.77,10.4
2243,765,43,5,379.72,16.7
2244,765,19,1,449.14,19.2
2245,765,43,1,490.89,18.0
2246,765,37,5,219.9,0.6
2247,766,26,5,382.74,10.9
2248,766,10,4,332.15,1.9
2249,767,25,5,192.26,8.1
2250,767,5,2,12.39,9.6
2251,767,28,1,337.65,13.7
2252,767,10,2,404.58,6.3
2253,767,22,1,129.71,3.8
2254,768,26,5,78.73,11.8
2255,768,50,3,425.63,5.4
2256,768,3,1,417.1,3.3
2257,769,1,1,335.52,10.3
2258,769,39,4,454.13,7.8
2259,770,8,4,254.43,1.5
2260,771,40,3,412.66,16.5
2261,771,2,1,472.95,7.5
2262,772,40,3,44.65,12.6
2263,773,48,3,31.89,8.2
2264,774,41,5,101.97,11.6
2265,774,29,4,315.35,1.0
2266,775,15,3,138.71,17.9
2267,775,29,4,301.42,7.8
2268,775,4,4,443.29,14.5
2269,776,43,2,300.17,6.9
2270,776,36,1,374.2,9.8
2271,776,41,4,461.8,18.5
2272,776,11,5,351.14,12.0
2273,777,2,4,468.6,13.5
2274,777,17,1,485.3,4.0
2275,777,30,2,49.15,2.7
2276,778,23,2,105.3,18.3
2277,778,26,1,236.26,18.5
2278,778,30,1,106.43,19.9
2279,779,44,1,43.9,3.3
2280,779,25,1,113.34,8.4
2281,780,43,3,70.52,9.9
2282,780,37,3,191.11,3.8
2283,780,29,1,446.24,10.9
2284,780,20,3,298.31,14.5
2285,780,11,5,164.9,2.8
2286,781,19,5,26.29,16.3
2287,781,28,3,145.96,1.1
2288,781,29,2,342.61,16.6
2289,781,26,4,269.42,18.6
2290,782,48,4,335.3,3.4
2291,782,12,1,11.94,3.2
2292,782,6,4,447.66,11.8
2293,782,12,1,315.99,5.2
2294,783,11,5,275.33,14.7
2295,783,32,5,221.78,15.2
2296,783,15,5,125.3,2.3
2297,783,33,2,274.04,19.9
2298,784,2,3,118.31,15.0
2299,784,48,1,248.95,14.1
2300,784,35,4,204.38,18.5
2301,784,8,4,241.77,1.2
2302,785,16,4,261.55,16.2
2303,785,1,3,383.45,7.5
2304,785,10,1,331.16,3.4
2305,785,15,3,167.31,3.2
2306,786,44,3,12.34,6.7
2307,786,29,1,344.94,8.1
2308,786,10,1,263.8,15.4
2309,786,12,1,490.94,2.8
2310,787,26,4,378.71,19.1
2311,787,36,5,269.46,13.6
2312,787,16,4,313.6,10.8
2313,787,35,1,476.78,2.5
2314,787,3,3,400.2,19.0
2315,788,43,5,219.41,14.4
2316,788,46,3,256.14,5.8
2317,789,20,5,172.17,14.7
2318,789,33,5,316.61,12.9
2319,790,23,4,314.9,10.2
2320,790,49,1,349.16,8.8
2321,790,23,2,121.46,10.9
2322,791,25,4,102.01,15.4
2323,791,43,2,17.98,12.3
2324,791,18,4,391.22,19.3
2325,791,5,4,249.97,10.6
2326,792,35,2,429.23,11.5
2327,792,28,5,251.13,16.9
2328,792,9,3,260.48,3.9
2329,792,48,1,396.31,10.6
2330,793,1,4,323.56,13.6
2331,793,16,3,30.68,5.4
2332,793,2,3,379.01,7.8
2333,793,47,5,169.28,9.1
2334,793,3,1,338.14,3.4
2335,794,12,3,426.98,5.4
2336,794,12,5,199.62,11.9
2337,794,13,2,179.74,16.3
2338,794,19,2,320.96,12.7
2339,794,9,5,370.98,16.9
2340,795,15,2,275.36,18.0
2341,795,37,1,173.39,3.3
2342,795,6,3,97.37,15.2
2343,795,47,4,93.06,18.9
2344,796,11,5,90.07,18.9
2345,796,15,2,174.95,12.2
2346,796,44,3,55.6,17.2
2347,796,33,1,282.17,7.8
2348,797,2,4,261.87,19.1
2349,797,36,3,12.74,6.4
2350,797,32,3,413.31,4.5
2351,798,20,5,64.39,13.5
2352,798,33,5,41.88,16.6
2353,799,39,4,86.58,4.0
2354,799,46,3,293.08,5.4
2355,799,3,1,420.09,4.2
2356,799,20,1,166.0,9.1
2357,800,21,2,58.08,14.6
2358,800,24,5,443.62,16.4
2359,800,31,5,53.2,16.0
2360,801,21,1,12.95,12.4
2361,801,10,1,145.32,15.4
2362,801,6,1,389.29,3.5
2363,801,25,5,266.96,20.0
2364,802,34,4,282.94,12.1
2365,802,9,4,8.33,7.2
2366,802,16,5,265.76,17.1
2367,802,23,4,85.58,2.7
2368,802,22,5,405.5,16.2
2369,803,27,1,478.0,17.3
2370,803,38,5,210.68,15.1
2371,803,35,4,143.37,17.3
2372,803,9,4,354.52,10.2
2373,804,35,3,367.78,8.4
2374,804,24,3,394.87,16.8
2375,804,19,2,253.51,6.1
2376,805,8,1,407.15,8.6
2377,805,22,1,72.38,17.0
2378,805,3,1,82.19,6.1
2379,805,41,2,295.23,17.6
2380,805,5,2,69.91,17.5
2381,806,21,3,39.28,0.1
2382,807,31,1,263.28,12.7
2383,807,28,5,370.39,13.6
2384,807,19,3,145.76,10.4
2385,808,25,4,295.28,19.9
2386,808,32,2,252.29,17.0
2387,808,15,4,227.26,12.7
2388,808,29,3,323.36,3.0
2389,808,1,2,186.32,10.3
2390,809,24,3,108.53,19.2
2391,809,34,2,403.67,3.5
2392,810,7,2,99.26,1.3
2393,810,13,5,75.89,16.8
2394,810,1,3,313.91,1.2
2395,810,48,1,443.31,10.4
2396,810,27,3,247.32,4.1
2397,811,30,3,16.99,3.3
2398,811,31,4,261.75,1.7
2399,811,30,2,394.53,18.0
2400,811,31,4,163.82,14.9
2401,811,24,5,315.73,9.7
2402,812,10,5,471.36,6.5
2403,812,40,1,257.91,15.5
2404,812,43,4,194.29,13.2
2405,812,16,1,199.29,11.0
2406,813,46,4,480.37,12.9
2407,813,12,1,231.3,4.3
2408,814,46,2,463.27,13.1
2409,814,12,1,166.28,3.5
2410,814,37,5,455.27,4.3
2411,814,27,2,477.89,14.7
2412,815,43,5,42.3,6.1
2413,815,36,5,76.22,17.9
2414,815,21,3,352.72,4.9
2415,816,35,2,163.5,18.8
2416,816,18,4,65.47,14.5
2417,816,30,4,113.34,16.2
2418,816,19,2,471.24,11.4
2419,816,17,3,290.92,19.1
2420,817,40,1,94.33,8.9
2421,817,38,4,6.33,11.4
2422,817,29,1,85.23,6.6
2423,817,43,5,236.91,10.5
2424,818,47,1,111.05,14.2
2425,818,21,2,291.89,11.2
2426,818,34,2,69.68,0.6
2427,818,44,1,71.68,7.3
2428,819,36,2,90.77,17.7
2429,820,49,5,247.03,16.2
2430,820,44,4,261.72,10.1
2431,820,37,4,177.91,4.2
2432,821,43,5,181.9,4.7
2433,821,35,4,462.53,16.0
2434,821,49,1,104.99,5.6
2435,822,16,4,324.48,16.3
2436,822,37,3,59.19,1.3
2437,822,11,2,436.64,11.4
2438,823,2,2,323.24,3.3
2439,824,48,3,333.68,1.8
2440,824,13,4,142.21,17.4
2441,824,33,2,33.06,16.5
2442,824,1,5,210.71,9.4
2443,824,14,5,252.43,12.2
2444,825,10,4,28.97,3.0
2445,826,8,2,82.92,17.3
2446,826,45,4,208.01,15.1
2447,827,4,1,304.89,14.9
2448,827,6,1,60.79,8.1
2449,828,12,1,64.87,14.4
2450,828,29,2,362.88,13.2
2451,829,49,4,466.54,4.0
2452,829,40,2,23.33,11.4
2453,829,28,4,171.97,10.7
2454,829,43,2,230.39,17.5
2455,829,20,5,56.3,15.3
2456,830,12,1,49.6,0.5
2457,830,36,4,314.55,2.8
2458,830,22,1,290.33,6.5
2459,831,10,5,146.92,2.6
2460,831,38,2,351.81,7.3
2461,832,47,4,420.62,1.3
2462,832,48,1,403.65,4.3
2463,832,43,5,300.12,2.6
2464,833,32,1,389.3,4.6
2465,833,30,1,75.23,3.8
2466,833,23,5,166.69,7.3
2467,833,20,2,109.95,0.5
2468,833,5,2,17.69,19.8
2469,834,28,1,184.1,3.2
2470,835,36,4,142.58,3.3
2471,835,40,1,224.34,14.4
2472,836,28,4,431.67,0.4
2473,837,9,2,430.71,10.6
2474,837,7,3,163.12,19.1
2475,838,44,1,114.81,14.2
2476,838,19,1,128.6,2.5
2477,839,24,4,478.51,11.3
2478,839,50,4,187.44,17.9
2479,839,20,5,37.12,8.9
2480,839,44,3,189.13,8.5
2481,839,12,2,129.38,16.8
2482,840,17,4,219.92,2.2
2483,840,36,1,385.73,15.9
2484,841,8,1,107.57,16.1
2485,841,48,4,279.15,2.0
2486,841,26,3,382.9,1.8
2487,841,11,4,260.56,10.9
2488,841,34,1,407.11,13.4
2489,842,7,2,298.41,17.4
2490,842,7,3,353.63,9.3
2491,842,13,5,26.01,9.1
2492,842,16,1,233.66,4.6
2493,843,4,3,183.75,10.6
2494,844,32,3,103.75,8.0
2495,844,8,2,17.27,11.3
2496,844,12,3,268.19,10.6
2497,845,29,4,353.19,11.9
2498,845,32,1,106.26,11.2
2499,845,22,2,499.88,16.1
2500,846,39,4,82.51,16.2
2501,846,29,3,419.97,17.8
2502,847,10,1,179.85,1.3
2503,847,16,2,351.24,9.5
2504,847,3,1,490.01,8.1
2505,847,28,1,158.75,6.6
2506,848,2,1,398.58,1.0
2507,848,38,4,334.94,2.5
2508,848,17,1,14.73,13.1
2509,848,38,2,274.22,18.8
2510,848,5,5,379.86,17.2
2511,849,37,1,160.95,13.4
2512,849,46,1,161.75,3.4
2513,849,17,5,306.38,0.8
2514,850,20,5,411.75,18.6
2515,850,26,5,266.95,9.9
2516,850,15,1,103.34,11.8
2517,850,44,1,407.76,7.6
2518,850,36,3,55.52,18.2
2519,851,10,2,245.05,19.1
2520,852,31,5,136.76,4.7
2521,852,12,3,221.26,4.2
2522,852,45,5,336.52,11.9
2523,852,38,5,456.42,19.9
2524,853,1,1,357.19,18.2
2525,853,11,4,424.82,19.1
2526,853,9,1,111.1,1.0
2527,853,30,5,422.9,2.1
2528,854,4,2,332.07,13.2
2529,854,41,3,52.06,18.6
2530,854,35,1,121.43,13.7
2531,854,49,5,287.92,11.9
2532,855,29,2,449.24,1.7
2533,855,29,1,366.82,10.8
2534,855,41,5,482.47,18.6
2535,855,33,1,408.58,17.0
2536,855,35,4,447.61,6.1
2537,856,11,1,228.39,17.6
2538,856,23,5,259.01,18.5
2539,857,29,5,190.03,18.7
2540,857,35,2,35.55,0.5
2541,857,35,1,212.3,6.4
2542,857,43,1,415.26,3.6
2543,857,13,4,283.9,6.0
2544,858,6,1,467.4,10.2
2545,858,32,5,138.86,3.3
2546,858,43,4,282.05,10.1
2547,858,30,4,291.41,20.0
2548,859,43,1,137.23,11.8
2549,859,15,1,133.03,15.8
2550,859,38,4,60.68,8.5
2551,859,32,5,322.95,3.5
2552,860,44,5,281.3,6.7
2553,860,25,3,57.97,18.6
2554,860,38,4,94.95,12.8
2555,861,27,3,418.37,7.5
2556,861,35,2,361.58,18.7
2557,861,28,1,136.49,10.2
2558,861,10,1,224.75,3.1
2559,861,22,1,196.04,3.2
2560,862,38,2,413.63,8.1
2561,862,35,5,66.9,10.1
2562,862,37,2,136.63,8.0
2563,863,15,5,25.34,8.7
2564,863,17,4,242.36,19.8
2565,863,49,5,225.36,11.5
2566,863,28,1,313.5,1.3
2567,863,20,1,111.15,16.6
2568,864,49,2,182.08,15.1
2569,864,39,2,499.3,17.5
2570,864,46,4,58.44,4.3
2571,864,47,4,447.75,6.8
2572,864,16,1,459.58,6.4
2573,865,7,4,169.56,16.6
2574,865,2,2,183.36,19.1
2575,865,49,3,250.32,5.2
2576,865,40,1,217.31,13.0
2577,865,13,3,140.43,15.8
2578,866,26,1,237.67,14.8
2579,866,48,1,387.34,2.5
2580,866,17,5,271.43,15.1
2581,866,41,1,275.62,19.1
2582,867,26,4,417.5,2.9
2583,868,6,4,139.08,10.3
2584,868,7,2,420.67,12.5
2585,868,26,4,473.86,10.9
2586,869,43,5,310.62,18.3
2587,869,45,5,200.93,12.4
2588,869,29,3,465.5,7.6
2589,869,20,1,167.03,11.8
2590,869,21,1,59.77,12.3
2591,870,44,2,34.0,13.7
2592,870,31,3,126.97,18.6
2593,870,45,1,178.87,1.4
2594,870,6,4,342.97,1.2
2595,870,39,5,377.59,11.1
2596,871,14,4,160.62,8.2
2597,871,46,2,54.5,11.6
2598,871,21,3,301.75,7.6
2599,871,1,1,17.26,13.1
2600,872,20,2,152.86,19.4
2601,872,17,2,28.24,18.4
2602,872,25,3,393.83,14.8
2603,872,36,5,220.28,10.0
2604,872,4,3,395.64,5.2
2605,873,20,3,214.68,7.3
2606,874,22,5,446.77,11.4
2607,874,20,3,482.56,3.8
2608,874,33,5,19.3,2.6
2609,874,24,3,400.47,17.5
2610,875,41,2,386.36,6.7
2611,875,19,1,58.66,12.7
2612,876,39,3,118.31,1.1
2613,876,45,4,84.33,3.7
2614,876,12,2,150.59,19.3
2615,876,29,4,482.35,9.6
2616,876,43,4,158.76,2.7
2617,877,40,1,198.12,2.1
2618,877,12,3,356.02,2.0
2619,877,24,5,408.57,5.0
2620,878,41,4,496.72,0.1
2621,878,35,1,58.63,11.8
2622,878,26,4,356.93,19.8
2623,878,9,2,437.94,3.5
2624,878,39,3,224.82,15.7
2625,879,18,4,71.78,14.4
2626,880,11,4,42.69,14.6
2627,880,11,1,105.93,5.0
2628,880,48,4,174.36,8.6
2629,881,47,4,433.87,10.6
2630,881,30,5,178.43,16.4
2631,881,11,3,491.78,19.0
2632,881,12,3,68.32,13.4
2633,881,45,2,254.21,17.6
2634,882,49,3,28.34,13.5
2635,882,28,3,156.22,7.3
2636,882,42,4,172.58,2.9
2637,883,5,1,74.27,3.9
2638,883,46,4,146.31,10.7
2639,884,44,5,368.05,19.7
2640,884,29,4,451.08,8.0
2641,884,14,2,333.93,12.9
2642,884,44,2,247.2,0.6
2643,885,35,4,344.12,16.4
2644,885,31,3,358.54,13.1
2645,885,4,1,305.34,7.7
2646,885,16,1,131.19,14.3
2647,885,13,1,196.37,19.9
2648,886,21,5,254.01,2.9
2649,886,40,2,168.86,4.6
2650,887,1,1,429.63,17.3
2651,887,41,1,259.78,14.3
2652,887,26,4,239.71,5.7
2653,888,28,3,494.5,5.6
2654,889,43,3,134.52,8.5
2655,889,35,2,410.63,17.6
2656,889,45,1,240.18,12.4
2657,890,46,5,58.04,12.8
2658,890,42,3,124.26,11.9
2659,890,10,5,230.96,10.0
2660,890,43,3,437.7,14.7
2661,891,37,5,215.66,11.7
2662,891,33,2,442.98,15.3
2663,891,39,1,156.51,19.7
2664,891,31,5,353.02,16.8
2665,891,7,3,420.67,13.6
2666,892,25,2,23.03,1.8
2667,892,47,5,272.52,19.3
2668,892,46,3,91.64,2.6
2669,893,36,2,298.23,3.3
2670,893,16,2,286.17,2.1
2671,894,42,5,252.48,7.8
2672,895,37,2,491.79,10.3
2673,895,33,1,357.29,11.1
2674,896,11,2,64.96,16.3
2675,896,1,2,118.86,17.8
2676,897,5,5,196.04,8.7
2677,898,3,1,256.42,12.6
2678,899,44,4,358.86,2.4
2679,899,36,1,409.83,3.8
2680,899,25,1,147.94,18.3
2681,899,16,5,148.23,6.4
2682,899,16,1,296.87,15.1
2683,900,18,4,392.6,15.3
2684,900,36,2,101.52,6.2
2685,900,38,3,416.87,15.8
2686,900,3,1,103.29,15.5
2687,901,30,4,458.42,0.1
2688,902,22,5,192.7,16.7
2689,902,22,1,451.95,0.9
2690,902,28,4,213.93,1.8
2691,903,42,4,458.49,6.0
2692,904,46,1,353.52,17.8
2693,905,19,1,404.84,10.8
2694,905,7,4,308.99,18.4
2695,906,18,5,237.37,10.5
2696,906,1,3,387.64,15.2
2697,906,28,4,276.38,5.9
2698,906,10,4,269.48,11.3
2699,906,40,4,83.86,12.1
2700,907,34,2,272.27,11.2
2701,908,41,5,63.57,10.6
2702,908,44,4,391.89,1.5
2703,908,2,3,402.41,8.6
2704,908,24,4,422.73,11.4
2705,908,25,1,348.14,4.7
2706,909,6,2,218.65,14.0
2707,910,30,5,290.77,16.6
2708,910,12,4,12.27,19.6
2709,910,36,1,381.72,19.6
2710,911,24,2,470.67,15.7
2711,911,24,3,257.7,19.4
2712,911,8,4,245.9,5.8
2713,911,6,2,246.7,7.7
2714,911,12,1,52.8,13.5
2715,912,10,3,50.49,14.3
2716,912,26,2,220.69,3.5
2717,912,10,5,471.8,6.7
2718,912,38,1,227.39,16.2
2719,912,17,3,136.87,2.6
2720,913,23,3,189.56,16.7
2721,913,3,3,220.38,10.1
2722,913,1,5,75.06,16.9
2723,913,24,4,416.1,14.2
2724,913,2,1,36.37,8.0
2725,914,27,3,475.57,9.2
2726,914,14,2,142.83,17.3
2727,914,12,5,85.66,11.2
2728,915,47,3,7.5,1.8
2729,915,34,5,95.47,13.8
2730,915,46,4,123.98,2.7
2731,916,5,4,471.09,10.8
2732,916,50,3,8.09,1.3
2733,916,23,5,322.53,15.1
2734,916,4,1,62.5,7.4
2735,917,40,2,422.7,17.7
2736,918,43,1,160.92,8.5
2737,919,48,3,117.57,16.3
2738,920,4,5,72.4,0.9
2739,920,30,1,405.78,11.9
2740,920,44,1,7.28,9.7
2741,920,45,1,439.24,11.5
2742,921,36,3,351.07,4.5
2743,921,42,2,399.74,10.4
2744,921,27,5,279.89,4.3
2745,922,23,2,299.61,5.6
2746,922,31,1,209.64,14.7
2747,922,40,5,463.22,19.5
2748,922,13,3,406.41,1.7
2749,923,3,3,169.48,3.1
2750,924,43,5,204.62,13.7
2751,924,5,4,446.74,4.3
2752,924,47,3,221.74,10.5
2753,924,16,3,436.32,3.0
2754,924,34,1,205.79,5.5
2755,925,28,1,373.94,9.0
2756,925,38,5,113.42,14.4
2757,925,17,3,465.82,10.1
2758,925,36,3,484.0,6.4
2759,925,15,4,460.96,16.0
2760,926,26,2,272.4,6.6
2761,926,4,4,409.07,18.5
2762,926,46,1,199.77,9.0
2763,927,23,1,185.29,7.9
2764,927,14,5,95.47,16.5
2765,927,39,1,272.72,6.7
2766,928,7,1,249.23,14.0
2767,928,47,1,334.71,12.0
2768,928,15,1,475.77,19.9
2769,929,50,5,470.99,1.9
2770,929,44,1,75.45,16.1
2771,929,46,4,342.58,1.1
2772,929,45,2,88.25,0.5
2773,930,24,2,160.99,18.4
2774,930,18,1,342.88,20.0
2775,930,6,2,95.21,18.0
2776,930,37,3,436.6,1.2
2777,930,11,4,380.98,14.0
2778,931,6,3,59.94,4.3
2779,932,23,5,133.52,12.7
2780,932,40,3,20.84,5.7
2781,933,7,4,353.57,16.9
2782,933,30,5,277.62,18.6
2783,933,46,5,338.67,12.9
2784,933,15,1,28.83,19.7
2785,934,44,5,112.03,6.1
2786,934,47,1,105.62,17.9
2787,934,8,1,142.33,2.5
2788,935,14,4,27.58,12.2
2789,936,5,1,273.67,12.5
2790,936,7,2,495.29,6.7
2791,936,40,5,446.49,19.2
2792,937,23,2,455.1,13.7
2793,937,22,2,27.62,7.8
2794,937,3,1,206.74,9.7
2795,938,1,1,201.9,8.6
2796,938,36,1,41.48,7.7
2797,938,29,4,135.07,15.6
2798,938,16,4,252.97,13.9
2799,938,9,2,332.8,11.4
2800,939,20,5,350.95,19.7
2801,939,15,1,6.38,9.8
2802,939,25,2,170.42,0.2
2803,940,41,3,415.08,1.5
2804,940,14,4,159.99,2.6
2805,941,12,3,57.36,10.7
2806,941,12,5,35.27,3.7
2807,941,37,2,113.32,4.4
2808,941,22,1,39.52,14.7
2809,942,37,1,323.36,17.8
2810,943,23,2,7.78,15.3
2811,944,36,4,257.67,4.9
2812,944,10,1,48.75,7.9
2813,944,15,2,310.05,0.1
2814,944,44,3,479.06,18.5
2815,944,30,3,378.35,19.9
2816,945,35,4,165.02,11.3
2817,945,12,1,89.64,14.7
2818,945,50,4,159.28,7.9
2819,945,15,2,212.44,16.1
2820,945,12,1,442.95,2.8
2821,946,23,5,97.34,5.1
2822,946,30,1,348.98,2.5
2823,946,29,1,49.96,6.9
2824,947,15,5,8.03,3.8
2825,947,45,2,53.99,15.9
2826,948,5,3,453.92,10.5
2827,948,8,5,288.56,9.8
2828,949,44,3,284.94,8.7
2829,950,33,4,109.66,7.4
2830,951,36,1,366.51,17.6
2831,951,37,4,346.68,9.4
2832,951,46,1,193.95,10.3
2833,951,46,1,376.45,15.5
2834,951,16,4,269.81,16.2
2835,952,14,1,276.01,7.5
2836,952,10,5,454.76,9.6
2837,952,12,5,141.67,19.2
2838,952,20,1,330.39,19.9
2839,952,9,2,362.58,9.5
2840,953,4,2,277.84,12.3
2841,954,9,2,71.96,18.9
2842,954,4,3,48.9,5.6
2843,954,18,2,366.92,18.5
2844,954,34,1,37.69,19.5
2845,954,24,5,303.21,3.9
2846,955,44,2,369.18,14.7
2847,956,3,2,489.44,5.5
2848,956,46,2,113.41,2.6
2849,957,32,3,425.99,2.5
2850,957,7,2,189.6,3.9
2851,957,50,2,254.15,8.4
2852,957,4,4,130.47,3.9
2853,958,23,5,119.25,16.6
2854,959,30,3,201.95,11.7
2855,959,40,5,116.0,15.4
2856,959,44,1,327.62,19.8
2857,959,6,4,342.9,16.3
2858,960,31,3,192.17,12.2
2859,961,38,5,112.99,18.9
2860,961,2,3,127.73,19.3
2861,962,18,1,311.94,7.8
2862,962,10,5,45.17,17.4
2863,962,8,4,245.99,10.0
2864,962,24,4,280.8,7.4
2865,962,27,4,232.95,15.1
2866,963,25,2,351.71,18.6
2867,964,37,5,403.07,7.2
2868,965,20,5,147.04,15.3
2869,966,20,1,223.28,8.6
2870,966,13,3,304.31,3.8
2871,966,15,5,211.33,0.2
2872,967,25,2,229.54,2.6
2873,967,11,4,71.67,17.6
2874,967,8,1,151.28,2.9
2875,967,14,4,334.4,18.4
2876,967,48,3,470.71,11.1
2877,968,18,2,55.2,10.3
2878,968,33,1,269.23,9.9
2879,968,39,5,53.55,12.5
2880,969,10,2,363.56,18.1
2881,969,46,1,330.72,11.4
2882,969,25,3,114.2,11.2
2883,969,16,2,361.48,19.2
2884,970,30,2,445.04,13.3
2885,970,24,5,121.75,4.9
2886,970,13,1,405.41,4.8
2887,971,46,3,424.93,10.6
2888,972,2,3,490.17,5.3
2889,972,30,4,458.49,11.3
2890,972,18,4,168.76,9.1
2891,972,38,3,362.26,18.9
2892,973,13,3,483.69,8.7
2893,973,37,4,495.61,5.4
2894,973,25,5,389.58,7.6
2895,974,28,2,453.44,2.5
2896,975,22,3,188.12,10.7
2897,975,1,5,169.36,16.8
2898,976,20,5,48.33,6.8
2899,976,49,4,299.99,6.5
2900,976,24,5,193.74,6.0
2901,976,29,2,60.86,18.5
2902,976,1,4,435.71,5.5
2903,977,24,5,493.71,5.3
2904,977,25,1,466.9,5.7
2905,978,42,5,293.84,5.0
2906,978,11,4,409.21,6.0
2907,978,21,3,110.68,16.2
2908,979,37,4,113.91,15.4
2909,979,15,1,480.72,13.6
2910,979,2,1,269.41,13.7
2911,979,8,4,470.37,16.4
2912,980,10,1,44.3,14.6
2913,980,29,1,458.49,11.1
2914,981,11,2,184.56,19.4
2915,981,18,2,219.31,18.1
2916,981,30,3,137.19,13.6
2917,982,4,1,251.12,12.9
2918,982,11,1,347.29,8.2
2919,982,22,2,115.17,8.9
2920,982,29,2,290.77,8.0
2921,983,27,2,101.51,0.1
2922,983,18,1,324.62,0.9
2923,983,49,3,408.57,16.3
2924,984,5,1,464.15,7.3
2925,984,42,5,330.85,0.9
2926,984,2,2,244.5,13.6
2927,984,47,2,37.53,3.7
2928,984,30,2,64.36,0.5
2929,985,15,5,347.69,2.5
2930,985,14,4,266.9,12.6
2931,985,6,4,496.76,18.2
2932,986,8,2,192.15,6.9
2933,986,46,2,261.46,7.8
2934,987,39,2,289.93,12.6
2935,988,16,3,68.27,7.5
2936,988,40,3,414.49,17.2
2937,988,44,2,455.22,3.0
2938,988,10,4,117.29,12.3
2939,989,39,5,91.28,5.7
2940,989,31,2,392.02,4.5
2941,989,15,4,216.28,10.1
2942,989,3,4,201.56,18.1
2943,989,36,4,27.55,3.7
2944,990,32,1,383.42,16.1
2945,990,13,4,24.09,0.3
2946,990,8,2,201.23,7.1
2947,990,36,2,447.01,11.2
2948,990,36,2,354.51,19.3
2949,991,43,4,461.91,15.2
2950,991,35,3,390.78,9.6
2951,991,21,4,378.11,2.6
2952,991,14,2,491.17,19.6
2953,992,11,5,13.36,2.1
2954,992,39,3,130.61,3.1
2955,993,43,5,81.37,16.3
2956,993,44,2,93.43,19.2
2957,993,26,1,191.63,16.4
2958,993,40,3,109.48,13.1
2959,993,25,2,417.39,12.7
2960,994,16,1,428.27,2.3
2961,994,4,3,201.43,15.9
2962,994,18,1,414.7,0.1
2963,994,43,3,118.41,11.2
2964,995,50,1,328.33,6.5
2965,995,1,1,113.78,7.7
2966,995,26,1,256.82,5.7
2967,996,15,5,414.95,9.5
2968,996,24,4,36.31,14.6
2969,996,31,1,183.96,5.0
2970,996,5,2,468.71,13.2
2971,997,6,4,488.79,5.4
2972,997,5,5,384.38,13.5
2973,997,22,4,139.45,11.4
2974,998,37,4,298.25,4.2
2975,999,29,5,250.84,16.1
2976,999,4,4,402.7,16.2
2977,999,2,3,88.52,19.5
2978,1000,5,5,434.1,9.9
